RVA,label_type,label
00000158,ANALYSIS_LABEL,<STRUCT IMAGE_NT_SIGNATURE>
0000015C,ANALYSIS_LABEL,<STRUCT IMAGE_FILE_HEADER>
00000170,ANALYSIS_LABEL,<STRUCT IMAGE_OPTIONAL_HEADER>
000001D0,ANALYSIS_LABEL,<STRUCT IMAGE_DATA_DIRECTORY>
00000250,ANALYSIS_LABEL,<STRUCT IMAGE_SECTION_HEADER>
00000278,ANALYSIS_LABEL,<STRUCT IMAGE_SECTION_HEADER>
000002A0,ANALYSIS_LABEL,<STRUCT IMAGE_SECTION_HEADER>
000002C8,ANALYSIS_LABEL,<STRUCT IMAGE_SECTION_HEADER>
000002F0,ANALYSIS_LABEL,<STRUCT IMAGE_SECTION_HEADER>
00000318,ANALYSIS_LABEL,<STRUCT IMAGE_SECTION_HEADER>
00000340,ANALYSIS_LABEL,<STRUCT IMAGE_SECTION_HEADER>
00000368,ANALYSIS_LABEL,<STRUCT IMAGE_SECTION_HEADER>
00008DC0,ANALYSIS_LABEL,std::exception::exception
00008E00,ANALYSIS_LABEL,std::exception::exception
00008E70,ANALYSIS_LABEL,std::bad_exception::bad_exception
00008E90,ANALYSIS_LABEL,Concurrency::details::_NonReentrantBlockingLock::_Scoped_lock::~_Scoped_lock
00008EB0,ANALYSIS_LABEL,std::bad_alloc::bad_alloc
00008ED0,ANALYSIS_LABEL,___local_stdio_printf_options
00008F20,ANALYSIS_LABEL,_sprintf_s
00008F40,ANALYSIS_LABEL,operator new
00008F50,ANALYSIS_LABEL,___except_validate_jump_buffer
00008F60,ANALYSIS_LABEL,"std::_Narrow_char_traits<char,int>::assign"
00009380,ANALYSIS_LABEL,std::_Ref_count_base::_Decref
0000A450,ANALYSIS_LABEL,std::_Mtx_lockX
0000A480,ANALYSIS_LABEL,std::_Mtx_unlockX
0000A4B0,ANALYSIS_LABEL,std::_Cnd_waitX
0000B350,ANALYSIS_LABEL,Concurrency::details::_NonReentrantLock::_Scoped_lock::~_Scoped_lock
0000B3F0,ANALYSIS_LABEL,Concurrency::location::~location
0000B9A0,ANALYSIS_LABEL,"std::basic_string<char,std::char_traits<char>,std::allocator<char> >::~basic_string<char,std::char_traits<char>,std::allocator<char> >"
0000BC10,ANALYSIS_LABEL,`vector constructor iterator'
0000BF70,ANALYSIS_LABEL,Concurrency::details::_CriticalNonReentrantLock::_Scoped_lock::~_Scoped_lock
0000EA30,ANALYSIS_LABEL,Concurrency::details::platform::__Sleep
0000F700,ANALYSIS_LABEL,"std::basic_string<char,std::char_traits<char>,std::allocator<char> >::c_str"
0000F7D0,ANALYSIS_LABEL,"std::basic_string<char,std::char_traits<char>,std::allocator<char> >::operator="
0000F900,ANALYSIS_LABEL,"std::basic_string<char,std::char_traits<char>,std::allocator<char> >::basic_string<char,std::char_traits<char>,std::allocator<char> >"
00010FC0,ANALYSIS_LABEL,"std::_String_alloc<std::_String_base_types<char,std::allocator<char> > >::_Mysize"
00010FE0,ANALYSIS_LABEL,"std::basic_string<char,std::char_traits<char>,std::allocator<char> >::_Tidy"
000110B0,ANALYSIS_LABEL,"std::basic_string<char,std::char_traits<char>,std::allocator<char> >::_Eos"
000110E0,ANALYSIS_LABEL,"std::basic_string<char,std::char_traits<char>,std::allocator<char> >::erase"
00011180,ANALYSIS_LABEL,"std::basic_string<char,std::char_traits<char>,std::allocator<char> >::assign"
000145A0,ANALYSIS_LABEL,"std::swap<char,0>"
00016680,ANALYSIS_LABEL,"std::basic_string<char,std::char_traits<char>,std::allocator<char> >::~basic_string<char,std::char_traits<char>,std::allocator<char> >"
0001B1F0,ANALYSIS_LABEL,Concurrency::details::ContextBase::ExitCriticalRegion
0001D750,ANALYSIS_LABEL,"std::_Narrow_char_traits<char,int>::assign"
0001E7C0,ANALYSIS_LABEL,"std::basic_string<char,std::char_traits<char>,std::allocator<char> >::resize"
0001E8A0,ANALYSIS_LABEL,"std::basic_string<char,std::char_traits<char>,std::allocator<char> >::append"
0001F610,ANALYSIS_LABEL,__Mtx_getconcrtcs
00020670,ANALYSIS_LABEL,Concurrency::IScheduler::IScheduler
00020690,ANALYSIS_LABEL,D3DXMATRIX::D3DXMATRIX
00020930,ANALYSIS_LABEL,"std::end<char const ,12>"
000210C0,ANALYSIS_LABEL,Concurrency::details::_MallocaArrayHolder<Concurrency::Context *>::_MallocaArrayHolder<Concurrency::Context *>
00024480,ANALYSIS_LABEL,std::less<void *>::operator()
0002A650,ANALYSIS_LABEL,`Concurrency::details::_CancellationTokenState::_DeregisterCallback'::`20'::<lambda_1>::<lambda_1>
00032C40,ANALYSIS_LABEL,std::unique_lock<std::mutex>::~unique_lock<std::mutex>
00032C90,ANALYSIS_LABEL,std::_Cnd_broadcastX
00032F60,ANALYSIS_LABEL,std::_Hash_array_representation<char>
00033440,ANALYSIS_LABEL,std::lock_guard<std::mutex>::~lock_guard<std::mutex>
00037060,ANALYSIS_LABEL,Concurrency::details::_ReaderWriterLock::_ReaderWriterLock
0004F310,ANALYSIS_LABEL,"std::basic_string<char,std::char_traits<char>,std::allocator<char> >::assign"
0004F9E0,ANALYSIS_LABEL,std::collate<char>::_Getcat
0004FAB0,ANALYSIS_LABEL,std::use_facet<std::collate<char> >
0004FBF0,ANALYSIS_LABEL,std::locale::id::operator unsigned int
0004FC70,ANALYSIS_LABEL,std::money_base::~money_base
0004FC80,ANALYSIS_LABEL,std::ctype<char>::`scalar deleting destructor'
0004FDC0,ANALYSIS_LABEL,std::ctype<char>::do_widen
0004FDE0,ANALYSIS_LABEL,std::ctype<char>::do_widen
0004FDF0,ANALYSIS_LABEL,std::ctype<char>::do_narrow
0004FE10,ANALYSIS_LABEL,std::ctype<char>::do_narrow
0004FE20,ANALYSIS_LABEL,std::ctype<char>::ctype<char>
0004FE60,ANALYSIS_LABEL,std::_Locinfo::_Locinfo
0004FF40,ANALYSIS_LABEL,std::locale::c_str
0004FF60,ANALYSIS_LABEL,std::_Yarn<wchar_t>::~_Yarn<wchar_t>
0004FF80,ANALYSIS_LABEL,std::_Locinfo::~_Locinfo
00050180,ANALYSIS_LABEL,std::use_facet<std::ctype<char> >
000502C0,ANALYSIS_LABEL,std::locale::facet::_Decref
00050310,ANALYSIS_LABEL,std::locale::~locale
00055E30,ANALYSIS_LABEL,Concurrency::details::InternalContextBase::SetOversubscribedVProc
000794D0,ANALYSIS_LABEL,"phmap::container_internal::BitMask<unsigned __int64,8,3>::end"
00093DCF,ANALYSIS_LABEL,CDocument::OnFileSave
0009B270,ANALYSIS_LABEL,D3DX::CFaceContext::SetCurrentZ
000A9AF0,ANALYSIS_LABEL,Concurrency::details::_TaskCollection::_GetStealTrackingList
000E6580,ANALYSIS_LABEL,CPDBErrorDefault::CPDBErrorDefault
000E8520,ANALYSIS_LABEL,"std::basic_streambuf<char,std::char_traits<char> >::sbumpc"
000E8560,ANALYSIS_LABEL,"std::basic_streambuf<char,std::char_traits<char> >::sgetc"
000E8640,ANALYSIS_LABEL,std::ios_base::getloc
000E8AB0,ANALYSIS_LABEL,std::error_category::equivalent
000E8AE0,ANALYSIS_LABEL,std::error_category::default_error_condition
000E8E00,ANALYSIS_LABEL,"std::basic_streambuf<char,std::char_traits<char> >::_Init"
000E90C0,ANALYSIS_LABEL,"std::basic_streambuf<char,std::char_traits<char> >::_Gnavail"
000E9220,ANALYSIS_LABEL,"std::basic_streambuf<char,std::char_traits<char> >::_Pnavail"
000E93E0,ANALYSIS_LABEL,"std::basic_streambuf<char,std::char_traits<char> >::~basic_streambuf<char,std::char_traits<char> >"
00123020,ANALYSIS_LABEL,_sprintf
00129040,ANALYSIS_LABEL,"std::basic_streambuf<char,std::char_traits<char> >::sputc"
0015B160,ANALYSIS_LABEL,Concurrency::details::ContextBase::GetScheduler
0016F4D0,ANALYSIS_LABEL,Concurrency::details::_NonReentrantBlockingLock::~_NonReentrantBlockingLock
0017A170,ANALYSIS_LABEL,std::numpunct<char>::`scalar deleting destructor'
0017A1E0,ANALYSIS_LABEL,std::numpunct<char>::grouping
0017AAD0,ANALYSIS_LABEL,std::use_facet<std::numpunct<char> >
0017AD50,ANALYSIS_LABEL,std::numpunct<char>::_Init
0017E340,ANALYSIS_LABEL,"std::basic_string<char,std::char_traits<char>,std::allocator<char> >::insert"
00180000,ANALYSIS_LABEL,sqvector<SQObjectPtr>::~sqvector<SQObjectPtr>
00180160,ANALYSIS_LABEL,SQObjectPtr::~SQObjectPtr
00180890,ANALYSIS_LABEL,SQClosure::Finalize
00180920,ANALYSIS_LABEL,SQNativeClosure::Finalize
00180BE0,ANALYSIS_LABEL,SQArray::Insert
00180D40,ANALYSIS_LABEL,SQArray::Release
00180E60,ANALYSIS_LABEL,SQNativeClosure::Release
00180F00,ANALYSIS_LABEL,SQUserData::Release
00180F40,ANALYSIS_LABEL,SQArray::Resize
00181200,ANALYSIS_LABEL,buf_lexfeed
00181660,ANALYSIS_LABEL,sq_aux_gettypedarg
00181730,ANALYSIS_LABEL,sq_aux_invalidtype
001817B0,ANALYSIS_LABEL,_sq_addref
00181840,ANALYSIS_LABEL,_sq_arrayinsert
001819E0,ANALYSIS_LABEL,_sq_arrayresize
00181E00,ANALYSIS_LABEL,_sq_call
00181F70,ANALYSIS_LABEL,_sq_clone
00181FD0,ANALYSIS_LABEL,_sq_close
00182000,ANALYSIS_LABEL,_sq_cmp
00182040,ANALYSIS_LABEL,_sq_collectgarbage
00182150,ANALYSIS_LABEL,_sq_compilebuffer
00182360,ANALYSIS_LABEL,_sq_enabledebuginfo
00182380,ANALYSIS_LABEL,_sq_free
00182390,ANALYSIS_LABEL,_sq_get
00182510,ANALYSIS_LABEL,_sq_getbase
001825E0,ANALYSIS_LABEL,_sq_getbool
00182720,ANALYSIS_LABEL,_sq_getcallee
00182AB0,ANALYSIS_LABEL,_sq_getdelegate
00182BD0,ANALYSIS_LABEL,_sq_geterrorfunc
00182BF0,ANALYSIS_LABEL,_sq_getfloat
00182C50,ANALYSIS_LABEL,_sq_getforeignptr
00182C60,ANALYSIS_LABEL,_sq_getfreevariable
00182D00,ANALYSIS_LABEL,_sq_gethash
00182D60,ANALYSIS_LABEL,_sq_getinstanceup
00182E20,ANALYSIS_LABEL,_sq_getinteger
00182E80,ANALYSIS_LABEL,_sq_getlasterror
00182EA0,ANALYSIS_LABEL,_sq_getlocal
00183200,ANALYSIS_LABEL,_sq_getprintfunc
00183220,ANALYSIS_LABEL,_sq_getrefcount
00183250,ANALYSIS_LABEL,_sq_getscratchpad
00183270,ANALYSIS_LABEL,_sq_getsize
00183360,ANALYSIS_LABEL,_sq_getstring
001833B0,ANALYSIS_LABEL,_sq_getthread
001833F0,ANALYSIS_LABEL,_sq_gettop
00183400,ANALYSIS_LABEL,_sq_gettype
00183430,ANALYSIS_LABEL,_sq_gettypetag
001834F0,ANALYSIS_LABEL,_sq_getuserdata
00183550,ANALYSIS_LABEL,_sq_getuserpointer
001835A0,ANALYSIS_LABEL,_sq_getvmstate
001835C0,ANALYSIS_LABEL,_sq_getweakrefval
001836C0,ANALYSIS_LABEL,_sq_instanceof
00183760,ANALYSIS_LABEL,_sq_move
00183840,ANALYSIS_LABEL,_sq_newclass
00183960,ANALYSIS_LABEL,_sq_newclosure
00183B60,ANALYSIS_LABEL,_sq_newslot
00183C10,ANALYSIS_LABEL,_sq_newtable
00184060,ANALYSIS_LABEL,_sq_notifyallexceptions
00184080,ANALYSIS_LABEL,_sq_objtobool
001840A0,ANALYSIS_LABEL,_sq_objtofloat
001840E0,ANALYSIS_LABEL,_sq_objtointeger
00184110,ANALYSIS_LABEL,_sq_objtostring
00184130,ANALYSIS_LABEL,_sq_objtouserpointer
001841F0,ANALYSIS_LABEL,_sq_pop
00184210,ANALYSIS_LABEL,_sq_push
00184250,ANALYSIS_LABEL,_sq_pushbool
001842D0,ANALYSIS_LABEL,_sq_pushconsttable
001842F0,ANALYSIS_LABEL,_sq_pushfloat
00184370,ANALYSIS_LABEL,_sq_pushinteger
001843E0,ANALYSIS_LABEL,_sq_pushnull
001843F0,ANALYSIS_LABEL,_sq_pushobject
00184470,ANALYSIS_LABEL,_sq_pushregistrytable
00184490,ANALYSIS_LABEL,_sq_pushroottable
001844B0,ANALYSIS_LABEL,_sq_pushstring
00184560,ANALYSIS_LABEL,_sq_pushuserpointer
001846D0,ANALYSIS_LABEL,_sq_rawget
00184C60,ANALYSIS_LABEL,_sq_release
00184C90,ANALYSIS_LABEL,_sq_remove
00184D60,ANALYSIS_LABEL,_sq_reseterror
00184D90,ANALYSIS_LABEL,_sq_resetobject
00184DB0,ANALYSIS_LABEL,_sq_resume
00184E80,ANALYSIS_LABEL,_sq_set
001851E0,ANALYSIS_LABEL,_sq_setcompilererrorhandler
00185200,ANALYSIS_LABEL,_sq_setconsttable
00185320,ANALYSIS_LABEL,_sq_setdelegate
00185400,ANALYSIS_LABEL,_sq_seterrorhandler
00185470,ANALYSIS_LABEL,_sq_setforeignptr
001855C0,ANALYSIS_LABEL,_sq_setinstanceup
00185640,ANALYSIS_LABEL,_sq_setnativeclosurename
00185700,ANALYSIS_LABEL,_sq_setnativedebughook
00185740,ANALYSIS_LABEL,_sq_setparamscheck
001858B0,ANALYSIS_LABEL,_sq_setprintfunc
001858E0,ANALYSIS_LABEL,_sq_setreleasehook
00185950,ANALYSIS_LABEL,_sq_setroottable
001859F0,ANALYSIS_LABEL,_sq_settop
00185AE0,ANALYSIS_LABEL,_sq_throwerror
00185B80,ANALYSIS_LABEL,_sq_tobool
00185FB0,ANALYSIS_LABEL,_sq_writeclosure
00186100,ANALYSIS_LABEL,SQVM::PrintObjVal
001861C0,ANALYSIS_LABEL,SQVM::Raise_CompareError
001862F0,ANALYSIS_LABEL,SQVM::Raise_Error
00186390,ANALYSIS_LABEL,SQVM::Raise_Error
001863E0,ANALYSIS_LABEL,SQVM::Raise_IdxError
00186680,ANALYSIS_LABEL,_sq_stackinfos
00186730,ANALYSIS_LABEL,sq_vm_free
00186AD0,ANALYSIS_LABEL,SQOuterVar::~SQOuterVar
00186B50,ANALYSIS_LABEL,SQRefCounted::~SQRefCounted
00186BD0,ANALYSIS_LABEL,SQObjectPtr::operator=
00186C50,ANALYSIS_LABEL,SQObjectPtr::operator=
00186DC0,ANALYSIS_LABEL,SQWeakRef::`scalar deleting destructor'
00186E00,ANALYSIS_LABEL,CheckTag
00187060,ANALYSIS_LABEL,SQString::Create
001871A0,ANALYSIS_LABEL,SQFunctionProto::Finalize
001871F0,ANALYSIS_LABEL,SQFunctionProto::GetLine
00187270,ANALYSIS_LABEL,SQFunctionProto::GetLocal
00187330,ANALYSIS_LABEL,GetTypeName
001873A0,ANALYSIS_LABEL,IdType2Name
001873D0,ANALYSIS_LABEL,$LN4
001873D7,ANALYSIS_LABEL,$LN5
001873DE,ANALYSIS_LABEL,$LN6
001873E5,ANALYSIS_LABEL,$LN7
0018740B,ANALYSIS_LABEL,$LN9
00187412,ANALYSIS_LABEL,$LN10
00187439,ANALYSIS_LABEL,$LN14
00187455,ANALYSIS_LABEL,$LN28
00187478,ANALYSIS_LABEL,$LN22
00187494,ANALYSIS_LABEL,$LN29
001874B4,ANALYSIS_LABEL,$LN31
001874C8,ANALYSIS_LABEL,$LN30
00187DB0,ANALYSIS_LABEL,SQArray::Mark
00187F10,ANALYSIS_LABEL,SQClosure::Mark
00188090,ANALYSIS_LABEL,SQInstance::Mark
00188100,ANALYSIS_LABEL,SQNativeClosure::Mark
00188160,ANALYSIS_LABEL,SQOuter::Mark
001881B0,ANALYSIS_LABEL,SQTable::Mark
00188350,ANALYSIS_LABEL,SQString::Next
001887A0,ANALYSIS_LABEL,SQWeakRef::Release
00188A60,ANALYSIS_LABEL,SafeRead
00188AA0,ANALYSIS_LABEL,SafeWrite
001890E0,ANALYSIS_LABEL,SQCollectable::UnMark
001891D0,ANALYSIS_LABEL,WriteTag
00189540,ANALYSIS_LABEL,SQSharedState::SQSharedState
001896A0,ANALYSIS_LABEL,SQSharedState::~SQSharedState
00189CF0,ANALYSIS_LABEL,SQString::`scalar deleting destructor'
00189EF0,ANALYSIS_LABEL,RefTable::AddRef
00189F20,ANALYSIS_LABEL,SQCollectable::AddToChain
00189F50,ANALYSIS_LABEL,RefTable::AllocNodes
00189FF0,ANALYSIS_LABEL,SQSharedState::CollectGarbage
0018A440,ANALYSIS_LABEL,RefTable::Get
0018A680,ANALYSIS_LABEL,RefTable::GetRefCount
0018A6B0,ANALYSIS_LABEL,SQSharedState::GetScratchPad
0018BBE0,ANALYSIS_LABEL,SQSharedState::MarkObject
0018BC50,ANALYSIS_LABEL,RefTable::Release
0018BDD0,ANALYSIS_LABEL,SQCollectable::RemoveFromChain
0018C180,ANALYSIS_LABEL,SQSharedState::RunMark
0018C490,ANALYSIS_LABEL,SQVM::SQVM
0018C680,ANALYSIS_LABEL,sqvector<SQVM::CallInfo>::~sqvector<SQVM::CallInfo>
0018C770,ANALYSIS_LABEL,SQVM::CallInfo::~CallInfo
0018C890,ANALYSIS_LABEL,SQVM::~SQVM
0018CDE0,ANALYSIS_LABEL,SQVM::ArithMetaMethod
0018CE23,ANALYSIS_LABEL,$LN5
0018CE2A,ANALYSIS_LABEL,$LN6
0018CE31,ANALYSIS_LABEL,$LN7
0018CE38,ANALYSIS_LABEL,$LN8
0018CE3F,ANALYSIS_LABEL,$LN9
0018CF44,ANALYSIS_LABEL,$LN25
0018CF5C,ANALYSIS_LABEL,$LN24
0018CF70,ANALYSIS_LABEL,SQVM::BW_OP
0018CF9D,ANALYSIS_LABEL,$LN6
0018CFA1,ANALYSIS_LABEL,$LN7
0018CFA5,ANALYSIS_LABEL,$LN8
0018CFA9,ANALYSIS_LABEL,$LN9
0018CFAF,ANALYSIS_LABEL,$LN10
0018CFB5,ANALYSIS_LABEL,$LN11
0018CFE8,ANALYSIS_LABEL,$LN12
0018D028,ANALYSIS_LABEL,$LN17
0018DA30,ANALYSIS_LABEL,SQVM::CallMetaMethod
0018DD90,ANALYSIS_LABEL,SQVM::Clone
0018DFC0,ANALYSIS_LABEL,SQVM::CloseOuters
0018E680,ANALYSIS_LABEL,SQVM::Execute
001915C0,ANALYSIS_LABEL,SQOuter::Finalize
001915F0,ANALYSIS_LABEL,SQVM::Finalize
001918E0,ANALYSIS_LABEL,SQVM::Get
00191A60,ANALYSIS_LABEL,SQVM::GetAt
00191AA0,ANALYSIS_LABEL,SQVM::GetUp
00191F70,ANALYSIS_LABEL,SQVM::IsFalse
001922F0,ANALYSIS_LABEL,SQVM::NewSlot
00192850,ANALYSIS_LABEL,SQVM::ObjCmp
00192C20,ANALYSIS_LABEL,SQVM::Pop
00192C70,ANALYSIS_LABEL,SQVM::Pop
00192CB0,ANALYSIS_LABEL,SQVM::Push
00192D00,ANALYSIS_LABEL,SQVM::PushNull
00192D40,ANALYSIS_LABEL,SQGenerator::Release
00192D80,ANALYSIS_LABEL,SQVM::Release
00192F80,ANALYSIS_LABEL,SQVM::Set
00193820,ANALYSIS_LABEL,SQVM::Top
00193830,ANALYSIS_LABEL,SQVM::TypeOf
00193AC0,ANALYSIS_LABEL,sqvector<SQVM::CallInfo>::resize
00193C00,ANALYSIS_LABEL,SQTable::SQTable
00193DD0,ANALYSIS_LABEL,SQTable::AllocNodes
00193FF0,ANALYSIS_LABEL,SQTable::Get
00194130,ANALYSIS_LABEL,SQTable::NewSlot
00194710,ANALYSIS_LABEL,SQTable::_ClearNodes
00194790,ANALYSIS_LABEL,SQCompiler::BIN_EXP<void (__thiscall SQCompiler::*)(void)>
001949E0,ANALYSIS_LABEL,SQFuncState::AddInstruction
00194A20,ANALYSIS_LABEL,SQCompiler::BitwiseAndExp
00194B80,ANALYSIS_LABEL,SQCompiler::BitwiseXorExp
00194C30,ANALYSIS_LABEL,SQCompiler::ChooseArithOpByToken
00194C6D,ANALYSIS_LABEL,$LN6
00194C76,ANALYSIS_LABEL,$LN8
00194C7F,ANALYSIS_LABEL,$LN10
00194C88,ANALYSIS_LABEL,$LN12
00194C91,ANALYSIS_LABEL,$LN14
00194C9C,ANALYSIS_LABEL,$LN18
00194CB4,ANALYSIS_LABEL,$LN17
00194CC0,ANALYSIS_LABEL,$LN20
00194CD4,ANALYSIS_LABEL,$LN19
00194F00,ANALYSIS_LABEL,SQCompiler::CommaExpr
00195AF0,ANALYSIS_LABEL,SQCompiler::Emit2ArgsOP
00195CD0,ANALYSIS_LABEL,SQCompiler::EmitDerefOp
00195D30,ANALYSIS_LABEL,SQCompiler::EmitLoadConstFloat
00195FE0,ANALYSIS_LABEL,SQCompiler::EqExp
00196370,ANALYSIS_LABEL,SQCompiler::Expression
00197E30,ANALYSIS_LABEL,SQCompiler::IsEndOfStatement
0019A200,ANALYSIS_LABEL,SQObjectPtr::SQObjectPtr
0019A210,ANALYSIS_LABEL,sqvector<SQClassMember>::~sqvector<SQClassMember>
0019A2E0,ANALYSIS_LABEL,SQClass::~SQClass
0019A3A0,ANALYSIS_LABEL,SQClassMember::~SQClassMember
0019A5C0,ANALYSIS_LABEL,SQClass::Finalize
0019A7A0,ANALYSIS_LABEL,SQInstance::Finalize
0019A970,ANALYSIS_LABEL,SQInstance::InstanceOf
0019AE30,ANALYSIS_LABEL,SQClass::Release
0019B170,ANALYSIS_LABEL,sqvector<SQClassMember>::resize
0019E950,ANALYSIS_LABEL,sq_base_register
0019F330,ANALYSIS_LABEL,SQFuncState::AddInstruction
0019FD90,ANALYSIS_LABEL,SQFuncState::CreateString
0019FF70,ANALYSIS_LABEL,SQFuncState::DiscardTarget
001A0011,ANALYSIS_LABEL,$LN5
001A001D,ANALYSIS_LABEL,$LN9
001A0030,ANALYSIS_LABEL,$LN35
001A0038,ANALYSIS_LABEL,$LN34
001A0060,ANALYSIS_LABEL,SQFuncState::GetConstant
001A05B0,ANALYSIS_LABEL,SQFuncState::PopTarget
001A07D0,ANALYSIS_LABEL,SQFuncState::PushTarget
001A2060,ANALYSIS_LABEL,SQLexer::Lex
001A3190,ANALYSIS_LABEL,LexInteger
001A41B0,ANALYSIS_LABEL,_sqstd_compiler_error
001A41E0,ANALYSIS_LABEL,_sqstd_printcallstack
001A4470,ANALYSIS_LABEL,_sqstd_seterrorhandlers
001A4500,ANALYSIS_LABEL,SQFile::Len
001A4530,ANALYSIS_LABEL,SQFile::Seek
001A45A0,ANALYSIS_LABEL,Microsoft::WRL::Wrappers::HandleT<`anonymous namespace'::HMODULETraits>::IsValid
001A45B0,ANALYSIS_LABEL,SQFile::EOS
001A45D0,ANALYSIS_LABEL,SQFile::`scalar deleting destructor'
001A47E0,ANALYSIS_LABEL,_g_io_loadfile
001A4840,ANALYSIS_LABEL,_g_io_writeclosuretofile
001A48C0,ANALYSIS_LABEL,_g_io_dofile
001A4A30,ANALYSIS_LABEL,file_read
001A4A60,ANALYSIS_LABEL,file_write
001A4A80,ANALYSIS_LABEL,_sqstd_createfile
001A4B20,ANALYSIS_LABEL,_sqstd_loadfile
001A4C80,ANALYSIS_LABEL,_sqstd_register_iolib
001A4D50,ANALYSIS_LABEL,_stream_readblob
001A4E40,ANALYSIS_LABEL,_stream_readn
001A4EC2,ANALYSIS_LABEL,$LN7
001A4EFD,ANALYSIS_LABEL,$LN11
001A4F27,ANALYSIS_LABEL,$LN13
001A4F51,ANALYSIS_LABEL,$LN15
001A4F7F,ANALYSIS_LABEL,$LN17
001A4FAD,ANALYSIS_LABEL,$LN19
001A4FCA,ANALYSIS_LABEL,$LN21
001A5002,ANALYSIS_LABEL,$LN23
001A5028,ANALYSIS_LABEL,$LN26
001A5048,ANALYSIS_LABEL,$LN25
001A5060,ANALYSIS_LABEL,_stream_writeblob
001A5130,ANALYSIS_LABEL,_stream_writen
001A51B2,ANALYSIS_LABEL,$LN7
001A51DC,ANALYSIS_LABEL,$LN9
001A5207,ANALYSIS_LABEL,$LN11
001A5231,ANALYSIS_LABEL,$LN13
001A525F,ANALYSIS_LABEL,$LN14
001A5290,ANALYSIS_LABEL,$LN15
001A52B8,ANALYSIS_LABEL,$LN18
001A52D0,ANALYSIS_LABEL,$LN17
001A52F0,ANALYSIS_LABEL,_stream_seek
001A53E0,ANALYSIS_LABEL,_stream_tell
001A5460,ANALYSIS_LABEL,_stream_len
001A54E0,ANALYSIS_LABEL,_stream_eos
001A5580,ANALYSIS_LABEL,_stream_flush
001A5640,ANALYSIS_LABEL,declare_stream
001A5960,ANALYSIS_LABEL,SQBlob::Read
001A5A00,ANALYSIS_LABEL,SQBlob::IsValid
001A5A10,ANALYSIS_LABEL,SQBlob::EOS
001A5A20,ANALYSIS_LABEL,SQBlob::`scalar deleting destructor'
001A6360,ANALYSIS_LABEL,_sqstd_createblob
001A6410,ANALYSIS_LABEL,_sqstd_getblob
001A6450,ANALYSIS_LABEL,_sqstd_getblobsize
001A6490,ANALYSIS_LABEL,_sqstd_register_bloblib
001AECC0,ANALYSIS_LABEL,"std::basic_filebuf<char,std::char_traits<char> >::~basic_filebuf<char,std::char_traits<char> >"
001AEF70,ANALYSIS_LABEL,"std::basic_filebuf<char,std::char_traits<char> >::`scalar deleting destructor'"
001AF540,ANALYSIS_LABEL,CAsyncSocket::SendTo
001C7320,ANALYSIS_LABEL,FI::SetNiOptions
002692B0,ANALYSIS_LABEL,Mod1::~Mod1
00269980,ANALYSIS_LABEL,Mod1::`scalar deleting destructor'
00279336,ANALYSIS_LABEL,Concurrency::details::ExternalStatistics::MarkInactive
002C3326,ANALYSIS_LABEL,Concurrency::details::GlobalCore::~GlobalCore
002C3333,ANALYSIS_LABEL,Concurrency::details::GlobalCore::`vector deleting destructor'
002C33BB,ANALYSIS_LABEL,Concurrency::details::create_stl_condition_variable
002C3526,ANALYSIS_LABEL,Concurrency::details::stl_condition_variable_concrt::wait
002C3572,ANALYSIS_LABEL,Concurrency::details::stl_condition_variable_concrt::wait_for
002C358B,ANALYSIS_LABEL,Concurrency::details::stl_condition_variable_vista::wait_for
002C35AE,ANALYSIS_LABEL,Concurrency::details::stl_condition_variable_win7::wait_for
002C35D3,ANALYSIS_LABEL,__Cnd_broadcast
002C360B,ANALYSIS_LABEL,__Cnd_destroy_in_situ
002C3627,ANALYSIS_LABEL,__Cnd_init
002C3655,ANALYSIS_LABEL,__Cnd_init_in_situ
002C365A,ANALYSIS_LABEL,__Cnd_signal
002C36C8,ANALYSIS_LABEL,__Xtime_diff_to_millis2
002C370A,ANALYSIS_LABEL,__Xtime_get_ticks
002C37D0,ANALYSIS_LABEL,_xtime_get
002C3817,ANALYSIS_LABEL,std::_Immortalize<std::_Generic_error_category>
002C384D,ANALYSIS_LABEL,std::system_error::system_error
002C389B,ANALYSIS_LABEL,std::_Throw_C_error
002C38C8,ANALYSIS_LABEL,std::_Throw_Cpp_error
002C38FD,ANALYSIS_LABEL,std::generic_category
002C3949,ANALYSIS_LABEL,std::invalid_argument::invalid_argument
002C398E,ANALYSIS_LABEL,std::regex_error::regex_error
002C39BE,ANALYSIS_LABEL,std::regex_error::_Stringify
002C39D0,ANALYSIS_LABEL,$LN4
002C39D7,ANALYSIS_LABEL,$LN5
002C39DE,ANALYSIS_LABEL,$LN6
002C39E5,ANALYSIS_LABEL,$LN7
002C39EC,ANALYSIS_LABEL,$LN8
002C39F3,ANALYSIS_LABEL,$LN9
002C39FA,ANALYSIS_LABEL,$LN10
002C3A01,ANALYSIS_LABEL,$LN11
002C3A08,ANALYSIS_LABEL,$LN12
002C3A0F,ANALYSIS_LABEL,$LN13
002C3A16,ANALYSIS_LABEL,$LN14
002C3A1D,ANALYSIS_LABEL,$LN15
002C3A24,ANALYSIS_LABEL,$LN16
002C3A2B,ANALYSIS_LABEL,$LN17
002C3A32,ANALYSIS_LABEL,$LN18
002C3A42,ANALYSIS_LABEL,$LN21
002C3B38,ANALYSIS_LABEL,Concurrency::details::create_stl_critical_section
002C3DD6,ANALYSIS_LABEL,__Mtx_clear_owner
002C3DE5,ANALYSIS_LABEL,__Mtx_current_owns
002C3E20,ANALYSIS_LABEL,__Mtx_destroy_in_situ
002C3E3E,ANALYSIS_LABEL,__Mtx_init
002C3E70,ANALYSIS_LABEL,__Mtx_init_in_situ
002C3EA2,ANALYSIS_LABEL,__Mtx_reset_owner
002C3EB6,ANALYSIS_LABEL,__Mtx_unlock
002C3EE0,ANALYSIS_LABEL,__Cnd_do_broadcast_at_thread_exit
002C3F8C,ANALYSIS_LABEL,__Thrd_current
002C3FD8,ANALYSIS_LABEL,__Thrd_detach
002C3FF0,ANALYSIS_LABEL,__Thrd_equal
002C4000,ANALYSIS_LABEL,__Thrd_join
002C404F,ANALYSIS_LABEL,__Thrd_sleep
002C40C2,ANALYSIS_LABEL,__Thrd_start
002C40EF,ANALYSIS_LABEL,std::locale::_Locimp::_Locimp
002C4159,ANALYSIS_LABEL,std::locale::_Locimp::_Locimp
002C419C,ANALYSIS_LABEL,std::_Fac_node::~_Fac_node
002C41FB,ANALYSIS_LABEL,std::_Fac_tidy_reg_t::~_Fac_tidy_reg_t
002C4222,ANALYSIS_LABEL,std::locale::_Locimp::~_Locimp
002C427D,ANALYSIS_LABEL,std::_Yarn<char>::operator=
002C42D1,ANALYSIS_LABEL,std::locale::_Locimp::`scalar deleting destructor'
002C42F3,ANALYSIS_LABEL,std::_Facet_Register
002C4327,ANALYSIS_LABEL,std::locale::_Init
002C43B5,ANALYSIS_LABEL,std::locale::_Locimp::_Locimp_dtor
002C442A,ANALYSIS_LABEL,std::_Locinfo::_Locinfo_ctor
002C4475,ANALYSIS_LABEL,std::_Locinfo::_Locinfo_dtor
002C4497,ANALYSIS_LABEL,std::locale::_Locimp::_New_Locimp
002C44C7,ANALYSIS_LABEL,std::locale::_Locimp::_New_Locimp
002C44EC,ANALYSIS_LABEL,std::locale::_Setgloballocale
002C4514,ANALYSIS_LABEL,std::locale::classic
002C4522,ANALYSIS_LABEL,__Deletegloballocale
002C4587,ANALYSIS_LABEL,std::_Init_locks::_Init_locks
002C45B4,ANALYSIS_LABEL,std::_Lockit::_Lockit
002C460C,ANALYSIS_LABEL,std::_Lockit::~_Lockit
002C462B,ANALYSIS_LABEL,__Lock_at_thread_exit_mutex
002C4637,ANALYSIS_LABEL,__Unlock_at_thread_exit_mutex
002C4643,ANALYSIS_LABEL,__Getctype
002C46AE,ANALYSIS_LABEL,__Tolower
002C47A8,ANALYSIS_LABEL,__Toupper
002C48A2,ANALYSIS_LABEL,__Getcoll
002C48C3,ANALYSIS_LABEL,__Strcoll
002C4956,ANALYSIS_LABEL,__Strxfrm
002C4A02,ANALYSIS_LABEL,std::ios_base::_Addstd
002C4A53,ANALYSIS_LABEL,std::ios_base::_Callfns
002C4A85,ANALYSIS_LABEL,std::ios_base::_Ios_base_dtor
002C4AC5,ANALYSIS_LABEL,std::ios_base::_Tidy
002C4CA6,ANALYSIS_LABEL,std::_Syserror_map
002C4D16,ANALYSIS_LABEL,_wmemset
002C4D45,ANALYSIS_LABEL,std::_Fgetc<char>
002C4D65,ANALYSIS_LABEL,std::_Fputc<char>
002C4D81,ANALYSIS_LABEL,std::_Ungetc<char>
002C4D9F,ANALYSIS_LABEL,"std::use_facet<std::codecvt<char,char,_Mbstatet> >"
002C4EA3,ANALYSIS_LABEL,std::fpos<_Mbstatet>::fpos<_Mbstatet>
002C4EFB,ANALYSIS_LABEL,"std::basic_filebuf<char,std::char_traits<char> >::~basic_filebuf<char,std::char_traits<char> >"
002C4F55,ANALYSIS_LABEL,"std::basic_filebuf<char,std::char_traits<char> >::`scalar deleting destructor'"
002C4F77,ANALYSIS_LABEL,"std::basic_filebuf<char,std::char_traits<char> >::_Endwrite"
002C5095,ANALYSIS_LABEL,"std::codecvt<char,char,_Mbstatet>::_Getcat"
002C50FD,ANALYSIS_LABEL,"std::basic_filebuf<char,std::char_traits<char> >::_Init"
002C517B,ANALYSIS_LABEL,"std::basic_filebuf<char,std::char_traits<char> >::_Initcvt"
002C51C1,ANALYSIS_LABEL,"std::basic_filebuf<char,std::char_traits<char> >::_Reset_back"
002C51E4,ANALYSIS_LABEL,"std::basic_filebuf<char,std::char_traits<char> >::_Set_back"
002C522A,ANALYSIS_LABEL,"std::basic_filebuf<char,std::char_traits<char> >::close"
002C52A3,ANALYSIS_LABEL,"std::codecvt<char,char,_Mbstatet>::do_length"
002C52BB,ANALYSIS_LABEL,"std::codecvt<char,char,_Mbstatet>::do_unshift"
002C52E8,ANALYSIS_LABEL,"std::basic_filebuf<char,std::char_traits<char> >::overflow"
002C5486,ANALYSIS_LABEL,"std::basic_filebuf<char,std::char_traits<char> >::pbackfail"
002C550D,ANALYSIS_LABEL,"std::basic_filebuf<char,std::char_traits<char> >::seekoff"
002C55CE,ANALYSIS_LABEL,"std::basic_filebuf<char,std::char_traits<char> >::seekpos"
002C568E,ANALYSIS_LABEL,"std::basic_filebuf<char,std::char_traits<char> >::setbuf"
002C56DC,ANALYSIS_LABEL,"std::basic_filebuf<char,std::char_traits<char> >::sync"
002C5714,ANALYSIS_LABEL,"std::basic_filebuf<char,std::char_traits<char> >::uflow"
002C58B3,ANALYSIS_LABEL,"std::basic_filebuf<char,std::char_traits<char> >::underflow"
002C5CCA,ANALYSIS_LABEL,___crtCloseThreadpoolTimer
002C5CEB,ANALYSIS_LABEL,___crtCloseThreadpoolWait
002C5D0C,ANALYSIS_LABEL,___crtCreateEventExW
002C5D51,ANALYSIS_LABEL,___crtCreateSemaphoreExW
002C5DA7,ANALYSIS_LABEL,___crtCreateThreadpoolTimer
002C5DD2,ANALYSIS_LABEL,___crtCreateThreadpoolWait
002C5DFD,ANALYSIS_LABEL,___crtFlushProcessWriteBuffers
002C5E17,ANALYSIS_LABEL,___crtFreeLibraryWhenCallbackReturns
002C5E3B,ANALYSIS_LABEL,___crtGetCurrentProcessorNumber
002C5E59,ANALYSIS_LABEL,___crtGetSystemTimePreciseAsFileTime
002C5E82,ANALYSIS_LABEL,___crtGetTickCount64
002C5EC5,ANALYSIS_LABEL,___crtInitializeCriticalSectionEx
002C5F3B,ANALYSIS_LABEL,___crtSetThreadpoolTimer
002C5F65,ANALYSIS_LABEL,___crtSetThreadpoolWait
002C5F8C,ANALYSIS_LABEL,___crtSleepConditionVariableCS
002C5FB1,ANALYSIS_LABEL,___crtSleepConditionVariableSRW
002C5FFA,ANALYSIS_LABEL,___crtWaitForThreadpoolTimerCallbacks
002C605C,ANALYSIS_LABEL,_Init_atexit::~_Init_atexit
002C60C0,ANALYSIS_LABEL,_Atexit
002C60EE,ANALYSIS_LABEL,std::_Find_elem<char>
002C62A6,ANALYSIS_LABEL,"std::use_facet<std::num_get<char,std::istreambuf_iterator<char,std::char_traits<char> > > >"
002C6343,ANALYSIS_LABEL,"std::use_facet<std::num_put<char,std::ostreambuf_iterator<char,std::char_traits<char> > > >"
002C63E0,ANALYSIS_LABEL,"std::ostreambuf_iterator<char,std::char_traits<char> >::operator="
002C6404,ANALYSIS_LABEL,"std::num_put<char,std::ostreambuf_iterator<char,std::char_traits<char> > >::_Fput"
002C784D,ANALYSIS_LABEL,"std::istreambuf_iterator<char,std::char_traits<char> >::_Inc"
002C786F,ANALYSIS_LABEL,"std::num_put<char,std::ostreambuf_iterator<char,std::char_traits<char> > >::_Iput"
002C7B2F,ANALYSIS_LABEL,std::locale::_Locimp::_Locimp_Addfac
002C7BF1,ANALYSIS_LABEL,std::locale::_Locimp::_Locimp_ctor
002C7CA6,ANALYSIS_LABEL,std::locale::_Locimp::_Makeloc
002C7EED,ANALYSIS_LABEL,"std::istreambuf_iterator<char,std::char_traits<char> >::_Peek"
002C7F11,ANALYSIS_LABEL,"std::num_put<char,std::ostreambuf_iterator<char,std::char_traits<char> > >::_Put"
002C7F44,ANALYSIS_LABEL,"std::num_put<char,std::ostreambuf_iterator<char,std::char_traits<char> > >::_Rep"
002C7F70,ANALYSIS_LABEL,std::_Stodx_v2
002C7FC4,ANALYSIS_LABEL,std::_Stofx_v2
002C8ED7,ANALYSIS_LABEL,"std::istreambuf_iterator<char,std::char_traits<char> >::equal"
002C8F12,ANALYSIS_LABEL,std::_Mpunct<char>::curr_symbol
002C8F3C,ANALYSIS_LABEL,_ldexpf
002C8F6B,ANALYSIS_LABEL,__Mtxinit
002C8F82,ANALYSIS_LABEL,__Mtxlock
002C8F9E,ANALYSIS_LABEL,___crtLCMapStringA
002C91A1,ANALYSIS_LABEL,__freea_crt
002C91BF,ANALYSIS_LABEL,___crtCompareStringA
002C9451,ANALYSIS_LABEL,__Getcvt
002C94BE,ANALYSIS_LABEL,__Wcrtomb
002C99D3,ANALYSIS_LABEL,std::numpunct<unsigned short>::_Getvals<unsigned short>
002C9AA4,ANALYSIS_LABEL,std::_Mpunct<wchar_t>::_Getvals
002C9B10,ANALYSIS_LABEL,"std::time_get<wchar_t,std::istreambuf_iterator<wchar_t,std::char_traits<wchar_t> > >::_Getvals<wchar_t>"
002C9B6B,ANALYSIS_LABEL,std::_LStrcoll<unsigned short>
002C9BB8,ANALYSIS_LABEL,std::_LStrxfrm<unsigned short>
002C9BEB,ANALYSIS_LABEL,std::_Maklocchr<unsigned short>
002CAF77,ANALYSIS_LABEL,std::_Yarn<wchar_t>::operator=
002CC758,ANALYSIS_LABEL,std::_Locinfo::_Getdays
002D0228,ANALYSIS_LABEL,std::_Locinfo::_Getmonths
002D0DBB,ANALYSIS_LABEL,std::locale::_Locimp::_Makeushloc
002D1344,ANALYSIS_LABEL,std::locale::_Locimp::_Makewloc
002D18CD,ANALYSIS_LABEL,std::_Maklocwcs
002D2610,ANALYSIS_LABEL,std::_Locinfo::_W_Getdays
002D2649,ANALYSIS_LABEL,std::_Locinfo::_W_Getmonths
002D6DC2,ANALYSIS_LABEL,std::_Mpunct<char>::grouping
002D6F87,ANALYSIS_LABEL,std::_Mpunct<char>::negative_sign
002D6FB1,ANALYSIS_LABEL,std::_Mpunct<char>::positive_sign
002D768D,ANALYSIS_LABEL,"std::_Copy_unchecked1<char *,std::ostreambuf_iterator<char,std::char_traits<char> > >"
002D77DF,ANALYSIS_LABEL,"std::copy<char *,std::ostreambuf_iterator<char,std::char_traits<char> > >"
002D77FE,ANALYSIS_LABEL,std::use_facet<std::messages<char> >
002D789B,ANALYSIS_LABEL,"std::use_facet<std::money_get<char,std::istreambuf_iterator<char,std::char_traits<char> > > >"
002D7938,ANALYSIS_LABEL,"std::use_facet<std::money_put<char,std::ostreambuf_iterator<char,std::char_traits<char> > > >"
002D79D5,ANALYSIS_LABEL,"std::use_facet<std::moneypunct<char,1> >"
002D7A72,ANALYSIS_LABEL,"std::use_facet<std::moneypunct<char,0> >"
002D7B0F,ANALYSIS_LABEL,"std::use_facet<std::time_get<char,std::istreambuf_iterator<char,std::char_traits<char> > > >"
002D7BAC,ANALYSIS_LABEL,"std::use_facet<std::time_put<char,std::ostreambuf_iterator<char,std::char_traits<char> > > >"
002D7C49,ANALYSIS_LABEL,"std::time_get<char,std::istreambuf_iterator<char,std::char_traits<char> > >::time_get<char,std::istreambuf_iterator<char,std::char_traits<char> > >"
002D8318,ANALYSIS_LABEL,"std::money_get<char,std::istreambuf_iterator<char,std::char_traits<char> > >::_Getmfld"
002D8C9C,ANALYSIS_LABEL,std::_Mpunct<char>::_Init
002D8DBC,ANALYSIS_LABEL,"std::time_put<char,std::ostreambuf_iterator<char,std::char_traits<char> > >::_Init"
002D8DE7,ANALYSIS_LABEL,std::locale::_Locimp::_Makexloc
002D915C,ANALYSIS_LABEL,std::_Mpunct<char>::_Makpat
002D91BA,ANALYSIS_LABEL,"std::money_put<char,std::ostreambuf_iterator<char,std::char_traits<char> > >::_Put"
002D91F1,ANALYSIS_LABEL,"std::money_put<char,std::ostreambuf_iterator<char,std::char_traits<char> > >::_Putmfld"
002D9768,ANALYSIS_LABEL,"std::money_put<char,std::ostreambuf_iterator<char,std::char_traits<char> > >::_Rep"
002D97CC,ANALYSIS_LABEL,"std::money_get<char,std::istreambuf_iterator<char,std::char_traits<char> > >::do_get"
002D9878,ANALYSIS_LABEL,"std::money_get<char,std::istreambuf_iterator<char,std::char_traits<char> > >::do_get"
002DA3AF,ANALYSIS_LABEL,"std::money_put<char,std::ostreambuf_iterator<char,std::char_traits<char> > >::do_put"
002DA4E4,ANALYSIS_LABEL,"std::money_put<char,std::ostreambuf_iterator<char,std::char_traits<char> > >::do_put"
002DA659,ANALYSIS_LABEL,"std::time_put<char,std::ostreambuf_iterator<char,std::char_traits<char> > >::do_put"
002DA7CB,ANALYSIS_LABEL,__Stolx
002DA86E,ANALYSIS_LABEL,__Stoulx
002DA9C9,ANALYSIS_LABEL,__Stollx
002DAA94,ANALYSIS_LABEL,__Stoullx
002DAC7F,ANALYSIS_LABEL,_GetTableIndexFromLocaleName
002DACCD,ANALYSIS_LABEL,___crtCompareStringEx
002DAD23,ANALYSIS_LABEL,___crtDownlevelLocaleNameToLCID
002DAD4D,ANALYSIS_LABEL,___crtGetLocaleInfoEx
002DAD86,ANALYSIS_LABEL,___crtLCMapStringEx
002DADDC,ANALYSIS_LABEL,___wcsnicmp_ascii
002DAE4F,ANALYSIS_LABEL,__Getdateorder
002DAE99,ANALYSIS_LABEL,__Mbrtowc
002DAFEC,ANALYSIS_LABEL,__Wcscoll
002DB14F,ANALYSIS_LABEL,__Getwctype
002DB173,ANALYSIS_LABEL,__Getwctypes
002DB192,ANALYSIS_LABEL,__Towlower
002DB1F4,ANALYSIS_LABEL,__Towupper
002DB25A,ANALYSIS_LABEL,___crtCompareStringW
002DB2BB,ANALYSIS_LABEL,___crtLCMapStringW
002E134F,ANALYSIS_LABEL,__security_check_cookie
002E1360,ANALYSIS_LABEL,operator delete[]
002E1365,ANALYSIS_LABEL,operator delete[]
002E144F,ANALYSIS_LABEL,__Init_thread_abort
002E14ED,ANALYSIS_LABEL,__Init_thread_lock
002E14F9,ANALYSIS_LABEL,__Init_thread_notify
002E153A,ANALYSIS_LABEL,__Init_thread_unlock
002E1546,ANALYSIS_LABEL,__Init_thread_wait
002E15AB,ANALYSIS_LABEL,operator new
002E15DE,ANALYSIS_LABEL,`eh vector destructor iterator'
002E1658,ANALYSIS_LABEL,__ArrayUnwind
002E1709,ANALYSIS_LABEL,___scrt_acquire_startup_lock
002E173E,ANALYSIS_LABEL,___scrt_initialize_crt
002E1777,ANALYSIS_LABEL,___scrt_initialize_onexit_tables
002E180E,ANALYSIS_LABEL,___scrt_is_nonwritable_in_current_image
002E1898,ANALYSIS_LABEL,___scrt_release_startup_lock
002E18B5,ANALYSIS_LABEL,___scrt_uninitialize_crt
002E18DD,ANALYSIS_LABEL,__onexit
002E1918,ANALYSIS_LABEL,_atexit
002E1935,ANALYSIS_LABEL,operator delete
002E1943,ANALYSIS_LABEL,type_info::`scalar deleting destructor'
002E1B8C,EXPORT,<ModuleEntryPoint>
002E1B96,ANALYSIS_LABEL,`eh vector constructor iterator'
002E1DFE,ANALYSIS_LABEL,operator new[]
002E1E10,ANALYSIS_LABEL,__chkstk
002E1E40,ANALYSIS_LABEL,__alldiv
002E1E61,ANALYSIS_LABEL,L1
002E1E7D,ANALYSIS_LABEL,L2
002E1E99,ANALYSIS_LABEL,L3
002E1EA7,ANALYSIS_LABEL,L5
002E1ED5,ANALYSIS_LABEL,L6
002E1ED6,ANALYSIS_LABEL,L7
002E1EDA,ANALYSIS_LABEL,L4
002E1EE4,ANALYSIS_LABEL,L8
002E1EF0,ANALYSIS_LABEL,__allmul
002E1F09,ANALYSIS_LABEL,hard
002E1F50,ANALYSIS_LABEL,__ftol2_sse
002E1F59,ANALYSIS_LABEL,__ftol2_pentium4
002E1F90,ANALYSIS_LABEL,__ftol2
002E2020,ANALYSIS_LABEL,__ftoui3
002E202F,ANALYSIS_LABEL,__ftoul3
002E203E,ANALYSIS_LABEL,__ftol3
002E204B,ANALYSIS_LABEL,__ftol3_NaN
002E2063,ANALYSIS_LABEL,__ftol3_work
002E20E9,ANALYSIS_LABEL,__ftol3_common
002E21AB,ANALYSIS_LABEL,__ftol3_arg_error
002E21BD,ANALYSIS_LABEL,__ftol3_except
002E2201,ANALYSIS_LABEL,__dtoui3
002E2210,ANALYSIS_LABEL,__dtoul3
002E221F,ANALYSIS_LABEL,__dtol3
002E222C,ANALYSIS_LABEL,__dtol3_NaN
002E2249,ANALYSIS_LABEL,__dtol3_work
002E2330,ANALYSIS_LABEL,__ultod3
002E2370,ANALYSIS_LABEL,__ltod3
002E2397,ANALYSIS_LABEL,___isa_available_init
002E2531,ANALYSIS_LABEL,_guard_check_icall
002E2537,ANALYSIS_LABEL,__EH_epilog3
002E254C,ANALYSIS_LABEL,__EH_epilog3_GS
002E255D,ANALYSIS_LABEL,__EH_epilog3_catch_GS
002E256E,ANALYSIS_LABEL,__EH_prolog3
002E25A2,ANALYSIS_LABEL,__EH_prolog3_GS
002E25D9,ANALYSIS_LABEL,__EH_prolog3_catch
002E2610,ANALYSIS_LABEL,__EH_prolog3_catch_GS
002E2650,ANALYSIS_LABEL,__aulldvrm
002E2681,ANALYSIS_LABEL,L1
002E268F,ANALYSIS_LABEL,L3
002E26BD,ANALYSIS_LABEL,L4
002E26C6,ANALYSIS_LABEL,L5
002E26C8,ANALYSIS_LABEL,L2
002E26F0,ANALYSIS_LABEL,__alloca_probe_16
002E2706,ANALYSIS_LABEL,__alloca_probe_8
002E2720,ANALYSIS_LABEL,__aulldiv
002E2742,ANALYSIS_LABEL,L1
002E2750,ANALYSIS_LABEL,L3
002E277E,ANALYSIS_LABEL,L4
002E277F,ANALYSIS_LABEL,L5
002E2783,ANALYSIS_LABEL,L2
002E2788,ANALYSIS_LABEL,___scrt_fastfail
002E28A3,ANALYSIS_LABEL,___scrt_get_show_window_mode
002E28E2,ANALYSIS_LABEL,__scrt_unhandled_exception_filter
002E295E,ANALYSIS_LABEL,std::_Xbad_alloc
002E29A0,ANALYSIS_LABEL,__SEH_prolog4
002E29E6,ANALYSIS_LABEL,__SEH_epilog4
002E29FB,ANALYSIS_LABEL,___scrt_is_ucrt_dll_in_use
002E2AA9,ANALYSIS_LABEL,__initialize_default_precision
002E2BFE,ANALYSIS_LABEL,Concurrency::details::MultiWaitBlock::MultiWaitBlock
002E2C3E,ANALYSIS_LABEL,Concurrency::details::MultiWaitBlockHolder::MultiWaitBlockHolder
002E2CF4,ANALYSIS_LABEL,Concurrency::details::TimedSingleWaitBlock::TimedSingleWaitBlock
002E2D23,ANALYSIS_LABEL,Concurrency::details::WaitAnyBlock::WaitAnyBlock
002E2D4B,ANALYSIS_LABEL,Concurrency::details::WaitBlock::WaitBlock
002E2D6B,ANALYSIS_LABEL,Concurrency::details::_Condition_variable::_Condition_variable
002E2D8A,ANALYSIS_LABEL,Concurrency::event::event
002E2DBD,ANALYSIS_LABEL,Concurrency::details::MultiWaitBlockHolder::~MultiWaitBlockHolder
002E2E25,ANALYSIS_LABEL,Concurrency::event::~event
002E2ED5,ANALYSIS_LABEL,Concurrency::details::EventWaitNode::Destroy
002E2EED,ANALYSIS_LABEL,Concurrency::details::TimedSingleWaitBlock::Destroy
002E2F0B,ANALYSIS_LABEL,Concurrency::details::MultiWaitBlock::DispatchEventTimer
002E2F6A,ANALYSIS_LABEL,Concurrency::details::TimedSingleWaitBlock::DispatchEventTimer
002E2F9C,ANALYSIS_LABEL,Concurrency::details::MultiWaitBlock::DispatchEventTimerXP
002E2FF3,ANALYSIS_LABEL,Concurrency::details::TimedSingleWaitBlock::DispatchEventTimerXP
002E3014,ANALYSIS_LABEL,Concurrency::details::GetSharedTimerQueue
002E30AA,ANALYSIS_LABEL,Concurrency::details::MultiWaitBlock::NotifyCompletedNode
002E30C3,ANALYSIS_LABEL,Concurrency::details::WaitAllBlock::Reset
002E30FC,ANALYSIS_LABEL,Concurrency::details::EventWaitNode::Satisfy
002E311D,ANALYSIS_LABEL,Concurrency::details::SingleWaitBlock::Satisfy
002E3179,ANALYSIS_LABEL,Concurrency::details::TimedSingleWaitBlock::Satisfy
002E31D4,ANALYSIS_LABEL,Concurrency::details::WaitAllBlock::Satisfy
002E321A,ANALYSIS_LABEL,Concurrency::details::WaitAnyBlock::Satisfy
002E325C,ANALYSIS_LABEL,Concurrency::details::StructuredEvent::Set
002E32A3,ANALYSIS_LABEL,Concurrency::details::MultiWaitBlock::SingleSatisfy
002E3352,ANALYSIS_LABEL,Concurrency::details::Sweep
002E338C,ANALYSIS_LABEL,Concurrency::details::EventWaitNode::SweepResetNode
002E33A4,ANALYSIS_LABEL,Concurrency::details::WaitAllBlock::SweepResetNode
002E33D6,ANALYSIS_LABEL,Concurrency::details::EventWaitNode::SweepWaitNode
002E33EE,ANALYSIS_LABEL,Concurrency::details::TimedSingleWaitBlock::SweepWaitNode
002E3411,ANALYSIS_LABEL,Concurrency::details::WaitAllBlock::SweepWaitNode
002E3454,ANALYSIS_LABEL,Concurrency::details::WaitAnyBlock::SweepWaitNode
002E348B,ANALYSIS_LABEL,Concurrency::details::_MallocaArrayHolder<Concurrency::Context *>::_InitOnRawMalloca
002E34BC,ANALYSIS_LABEL,Concurrency::details::_SpinWait<1>::_SetSpinCount
002E34DE,ANALYSIS_LABEL,Concurrency::details::_SpinWait<0>::_SetSpinCount
002E3502,ANALYSIS_LABEL,Concurrency::details::_SpinWait<1>::_SpinOnce
002E3589,ANALYSIS_LABEL,Concurrency::details::_SpinWait<0>::_SpinOnce
002E3600,ANALYSIS_LABEL,Concurrency::details::TimedSingleWaitBlock::createTimer
002E3663,ANALYSIS_LABEL,Concurrency::details::TimedSingleWaitBlock::destroyTimer
002E36B0,ANALYSIS_LABEL,Concurrency::details::_Condition_variable::notify_all
002E371C,ANALYSIS_LABEL,Concurrency::details::_Condition_variable::notify_one
002E379F,ANALYSIS_LABEL,Concurrency::event::set
002E38D0,ANALYSIS_LABEL,Concurrency::details::_Condition_variable::wait
002E3934,ANALYSIS_LABEL,Concurrency::event::wait
002E3A10,ANALYSIS_LABEL,Concurrency::details::_Condition_variable::wait_for
002E3AF6,ANALYSIS_LABEL,Concurrency::event::wait_for_multiple
002E3DB4,ANALYSIS_LABEL,__freea
002E3DD2,ANALYSIS_LABEL,Concurrency::details::LockQueueNode::LockQueueNode
002E3E78,ANALYSIS_LABEL,Concurrency::details::_NonReentrantBlockingLock::_NonReentrantBlockingLock
002E3E8D,ANALYSIS_LABEL,Concurrency::critical_section::critical_section
002E3ED2,ANALYSIS_LABEL,Concurrency::critical_section::scoped_lock::scoped_lock
002E3F17,ANALYSIS_LABEL,Concurrency::critical_section::scoped_lock::~scoped_lock
002E3F4F,ANALYSIS_LABEL,Concurrency::details::LockQueueNode::Block
002E3FD7,ANALYSIS_LABEL,Concurrency::details::SchedulerBase::CurrentContext
002E3FF9,ANALYSIS_LABEL,Concurrency::details::LockQueueNode::DerefTimerNode
002E4018,ANALYSIS_LABEL,Concurrency::details::LockQueueNode::DispatchNodeTimeoutTimer
002E405E,ANALYSIS_LABEL,Concurrency::details::LockQueueNode::DispatchNodeTimeoutTimerXP
002E40AA,ANALYSIS_LABEL,Concurrency::details::LockQueueNode::TryCompensateTimer
002E40CF,ANALYSIS_LABEL,Concurrency::details::LockQueueNode::Unblock
002E4100,ANALYSIS_LABEL,Concurrency::details::LockQueueNode::UpdateQueuePosition
002E4169,ANALYSIS_LABEL,Concurrency::details::LockQueueNode::WaitForNextNode
002E4196,ANALYSIS_LABEL,Concurrency::details::_NonReentrantBlockingLock::_Acquire
002E419E,ANALYSIS_LABEL,Concurrency::details::_ReaderWriterLock::_AcquireRead
002E41CE,ANALYSIS_LABEL,Concurrency::details::_ReaderWriterLock::_AcquireWrite
002E41FC,ANALYSIS_LABEL,Concurrency::critical_section::_Acquire_lock
002E429D,ANALYSIS_LABEL,Concurrency::details::_ReaderWriterLock::_FlushWriteOwners
002E42B3,ANALYSIS_LABEL,Concurrency::critical_section::_Flush_current_owner
002E42CB,ANALYSIS_LABEL,Concurrency::details::_SpinCount::_Initialize
002E42E2,ANALYSIS_LABEL,Concurrency::details::_NonReentrantBlockingLock::_Release
002E42EA,ANALYSIS_LABEL,Concurrency::details::_ReaderWriterLock::_ReleaseRead
002E42EE,ANALYSIS_LABEL,Concurrency::details::_ReaderWriterLock::_ReleaseWrite
002E42F9,ANALYSIS_LABEL,Concurrency::critical_section::_Switch_to_active
002E4348,ANALYSIS_LABEL,Concurrency::details::_ReaderWriterLock::_TryAcquireWrite
002E435F,ANALYSIS_LABEL,Concurrency::details::_SpinCount::_Value
002E4365,ANALYSIS_LABEL,Concurrency::details::_ReaderWriterLock::_WaitEquals
002E439E,ANALYSIS_LABEL,Concurrency::critical_section::lock
002E43CE,ANALYSIS_LABEL,Concurrency::critical_section::try_lock
002E441B,ANALYSIS_LABEL,Concurrency::critical_section::try_lock_for
002E4479,ANALYSIS_LABEL,Concurrency::critical_section::unlock
002E450E,ANALYSIS_LABEL,Concurrency::details::platform::DefaultWaiterPool::~DefaultWaiterPool
002E4533,ANALYSIS_LABEL,Concurrency::details::platform::WaiterThreadPool::~WaiterThreadPool
002E4582,ANALYSIS_LABEL,Concurrency::details::platform::InitializeSystemFunctionPointers
002E4635,ANALYSIS_LABEL,Concurrency::details::platform::__ChangeTimerQueueTimer
002E464C,ANALYSIS_LABEL,Concurrency::details::platform::__CloseThreadHandle
002E465A,ANALYSIS_LABEL,Concurrency::details::platform::__CreateAutoResetEvent
002E46B1,ANALYSIS_LABEL,Concurrency::details::platform::__CreateThread
002E46CE,ANALYSIS_LABEL,Concurrency::details::platform::__CreateTimerQueueTimer
002E46EE,ANALYSIS_LABEL,Concurrency::details::platform::__DeleteTimerQueueTimer
002E471D,ANALYSIS_LABEL,Concurrency::details::platform::__GetCurrentProcessorNumberEx
002E473E,ANALYSIS_LABEL,Concurrency::details::platform::__GetLogicalProcessorInformation
002E47C9,ANALYSIS_LABEL,Concurrency::details::platform::__GetLogicalProcessorInformationEx
002E487F,ANALYSIS_LABEL,Concurrency::details::platform::__GetNumaHighestNodeNumber
002E48C6,ANALYSIS_LABEL,Concurrency::details::platform::__GetThreadGroupAffinity
002E492E,ANALYSIS_LABEL,Concurrency::details::platform::__GetTickCount64
002E4948,ANALYSIS_LABEL,Concurrency::details::platform::__RegisterWaitForSingleObject
002E499C,ANALYSIS_LABEL,Concurrency::details::platform::__SetThreadGroupAffinity
002E49DF,ANALYSIS_LABEL,Concurrency::details::platform::__SetThreadPriority
002E4A25,ANALYSIS_LABEL,Concurrency::details::platform::__SignalObjectAndWait
002E4A3C,ANALYSIS_LABEL,Concurrency::details::platform::__SwitchToThread
002E4A42,ANALYSIS_LABEL,Concurrency::details::platform::__TlsAlloc
002E4A83,ANALYSIS_LABEL,Concurrency::details::platform::__TlsFree
002E4A91,ANALYSIS_LABEL,Concurrency::details::platform::__TlsGetValue
002E4A9F,ANALYSIS_LABEL,Concurrency::details::platform::__TlsSetValue
002E4AE5,ANALYSIS_LABEL,Concurrency::details::platform::__UnregisterWait
002E4AF3,ANALYSIS_LABEL,Concurrency::details::platform::__WaitForThread
002E4B06,ANALYSIS_LABEL,Concurrency::details::platform::WaiterThread::notify
002E4B48,ANALYSIS_LABEL,Concurrency::details::DeleteAsyncTimerAndUnloadLibrary
002E4B84,ANALYSIS_LABEL,Concurrency::details::Security::DecodePointer
002E4B91,ANALYSIS_LABEL,Concurrency::details::FreeLibraryAndDestroyThread
002E4BBB,ANALYSIS_LABEL,Concurrency::details::Security::InitializeCookie
002E4C09,ANALYSIS_LABEL,Concurrency::details::LoadLibraryAndCreateThread
002E4C4F,ANALYSIS_LABEL,Concurrency::details::ReferenceLoadLibrary
002E4CE5,ANALYSIS_LABEL,Concurrency::details::RegisterAsyncTimerAndLoadLibrary
002E4D46,ANALYSIS_LABEL,Concurrency::details::RegisterAsyncWaitAndLoadLibrary
002E4D7F,ANALYSIS_LABEL,Concurrency::details::UnRegisterAsyncTimerAndUnloadLibrary
002E4DB5,ANALYSIS_LABEL,Concurrency::details::UnRegisterAsyncWaitAndUnloadLibrary
002E4DEA,ANALYSIS_LABEL,Concurrency::details::_HyperNonReentrantLock::_Acquire
002E4DFA,ANALYSIS_LABEL,Concurrency::details::_NonReentrantLock::_Acquire
002E4E2D,ANALYSIS_LABEL,Concurrency::details::_CriticalNonReentrantLock::_Release
002E4E38,ANALYSIS_LABEL,Concurrency::details::_Sleep0
002E4E41,ANALYSIS_LABEL,Concurrency::details::_CriticalNonReentrantLock::_TryAcquire
002E4E61,ANALYSIS_LABEL,Concurrency::details::_NonReentrantLock::_TryAcquire
002E4E76,ANALYSIS_LABEL,Concurrency::details::_UnderlyingYield
002E4E9C,ANALYSIS_LABEL,Concurrency::Context::Block
002E4EBD,ANALYSIS_LABEL,Concurrency::details::HardwareAffinity::HardwareAffinity
002E4EDE,ANALYSIS_LABEL,Concurrency::details::ResourceManager::ResourceManager
002E4FC1,ANALYSIS_LABEL,Concurrency::details::SchedulerCore::SchedulerCore
002E4FE7,ANALYSIS_LABEL,Concurrency::invalid_operation::invalid_operation
002E5013,ANALYSIS_LABEL,Concurrency::details::GlobalNode::~GlobalNode
002E5020,ANALYSIS_LABEL,Concurrency::details::ResourceManager::~ResourceManager
002E50F5,ANALYSIS_LABEL,Concurrency::details::_NonReentrantLock::_Scoped_lock::~_Scoped_lock
002E50FE,ANALYSIS_LABEL,Concurrency::details::GlobalNode::`vector deleting destructor'
002E5186,ANALYSIS_LABEL,Concurrency::details::ResourceManager::AffinityRestriction::`scalar deleting destructor'
002E51AF,ANALYSIS_LABEL,"Concurrency::details::List<Concurrency::details::SchedulerProxy,Concurrency::details::CollectionTypes::Count>::AddTail"
002E51E8,ANALYSIS_LABEL,Concurrency::details::ResourceManager::AdjustDynamicAllocation
002E52BA,ANALYSIS_LABEL,Concurrency::details::ResourceManager::AffinityRestriction::ApplyAffinityLimits
002E52DD,ANALYSIS_LABEL,Concurrency::details::ResourceManager::ApplyAffinityRestrictions
002E530E,ANALYSIS_LABEL,Concurrency::details::ResourceManager::ApplyAffinityRestrictions
002E5335,ANALYSIS_LABEL,Concurrency::details::HardwareAffinity::ApplyTo
002E5347,ANALYSIS_LABEL,Concurrency::details::ResourceManager::CaptureProcessAffinity
002E5467,ANALYSIS_LABEL,Concurrency::details::ResourceManager::CleanupTopologyInformation
002E5482,ANALYSIS_LABEL,Concurrency::details::ResourceManager::CommitStolenCores
002E5591,ANALYSIS_LABEL,Concurrency::details::SchedulerProxy::ComputeDesiredHWThreadsWithExternalThread
002E55B4,ANALYSIS_LABEL,Concurrency::details::SchedulerProxy::ComputeMinHWThreadsWithExternalThread
002E55E1,ANALYSIS_LABEL,Concurrency::details::ResourceManager::CreateAllocatedNodeData
002E5718,ANALYSIS_LABEL,Concurrency::details::ResourceManager::CreateDynamicRMWorker
002E5788,ANALYSIS_LABEL,Concurrency::details::ResourceManager::CreateSchedulerProxy
002E57E9,ANALYSIS_LABEL,Concurrency::details::ResourceManager::CreateSingleton
002E587C,ANALYSIS_LABEL,Concurrency::details::ResourceManager::CurrentSubscriptionLevel
002E58E6,ANALYSIS_LABEL,Concurrency::details::SchedulerProxy::DesiredHWThreads
002E58FF,ANALYSIS_LABEL,Concurrency::details::ResourceManager::DestroyAllocatedNodeData
002E593B,ANALYSIS_LABEL,Concurrency::details::ResourceManager::DetermineTopology
002E5C4E,ANALYSIS_LABEL,Concurrency::details::ResourceManager::DiscardExistingSchedulerStatistics
002E5CBA,ANALYSIS_LABEL,Concurrency::details::ResourceManager::DistributeCoresToSurvivingScheduler
002E5E5F,ANALYSIS_LABEL,Concurrency::details::ResourceManager::DistributeExclusiveCores
002E5FA1,ANALYSIS_LABEL,Concurrency::details::ResourceManager::DistributeIdleCores
002E6127,ANALYSIS_LABEL,Concurrency::details::ResourceManager::DoCoreMigration
002E638B,ANALYSIS_LABEL,Concurrency::details::ResourceManager::DynamicAssignCores
002E63FA,ANALYSIS_LABEL,Concurrency::details::ResourceManager::DynamicMigrateCores
002E6565,ANALYSIS_LABEL,Concurrency::details::ResourceManager::DynamicRMThreadProc
002E657E,ANALYSIS_LABEL,Concurrency::details::ResourceManager::DynamicResourceManager
002E667E,ANALYSIS_LABEL,Concurrency::details::ResourceManager::FindBestFitExclusiveAllocation
002E69C2,ANALYSIS_LABEL,Concurrency::details::ResourceManager::FindBestFitIdleAllocation
002E6AD0,ANALYSIS_LABEL,Concurrency::details::ResourceManager::FindCoreForPartiallyFilledNode
002E6BDB,ANALYSIS_LABEL,Concurrency::details::ResourceManager::AffinityRestriction::FindGroupAffinity
002E6C12,ANALYSIS_LABEL,Concurrency::details::ResourceManager::FlushStoreBuffers
002E6C8F,ANALYSIS_LABEL,Concurrency::details::ResourceManager::GetCurrentNodeAndCore
002E6D9F,ANALYSIS_LABEL,Concurrency::details::GlobalNode::TopologyObject::GetFirstExecutionResource
002E6DBE,ANALYSIS_LABEL,Concurrency::details::GlobalCore::TopologyObject::GetNext
002E6DD5,ANALYSIS_LABEL,Concurrency::details::GlobalNode::TopologyObject::GetNext
002E6DEC,ANALYSIS_LABEL,Concurrency::details::GlobalNode::GetNextGlobalCore
002E6E11,ANALYSIS_LABEL,Concurrency::details::ResourceManager::GetNextGlobalNode
002E6E88,ANALYSIS_LABEL,Concurrency::GetOSVersion
002E6E8D,ANALYSIS_LABEL,Concurrency::GetProcessorCount
002E6EA4,ANALYSIS_LABEL,Concurrency::details::ResourceManager::GetTopologyInformation
002E6ECD,ANALYSIS_LABEL,Concurrency::details::ResourceManager::HandleBorrowedCores
002E6FE8,ANALYSIS_LABEL,Concurrency::details::ResourceManager::HandleSharedCores
002E713F,ANALYSIS_LABEL,Concurrency::details::ResourceManager::IncreaseFullyLoadedSchedulerAllocations
002E7175,ANALYSIS_LABEL,Concurrency::details::GlobalCore::Initialize
002E71B4,ANALYSIS_LABEL,Concurrency::details::GlobalNode::Initialize
002E72D1,ANALYSIS_LABEL,Concurrency::details::ResourceManager::InitializeRMBuffers
002E7393,ANALYSIS_LABEL,Concurrency::details::ResourceManager::InitializeSystemInformation
002E75CB,ANALYSIS_LABEL,Concurrency::details::SchedulerProxy::MinVprocHWThreads
002E75E4,ANALYSIS_LABEL,Concurrency::details::ResourceManager::PerformAllocation
002E773C,ANALYSIS_LABEL,Concurrency::details::ResourceManager::PopulateCommonAllocationData
002E7804,ANALYSIS_LABEL,Concurrency::details::ResourceManager::PopulateDynamicAllocationData
002E792C,ANALYSIS_LABEL,Concurrency::details::ResourceManager::PreProcessDynamicAllocationData
002E79FF,ANALYSIS_LABEL,Concurrency::details::ResourceManager::PreProcessStaticAllocationData
002E7A2E,ANALYSIS_LABEL,Concurrency::details::ResourceManager::PrepareReceiversForCoreTransfer
002E7C3D,ANALYSIS_LABEL,Concurrency::details::ResourceManager::RedistributeCoresAmongAll
002E801D,ANALYSIS_LABEL,Concurrency::details::ResourceManager::RegisterScheduler
002E8063,ANALYSIS_LABEL,Concurrency::details::ResourceManager::Release
002E810E,ANALYSIS_LABEL,Concurrency::details::ResourceManager::ReleaseCoresOnExistingSchedulers
002E8165,ANALYSIS_LABEL,Concurrency::details::ResourceManager::ReleaseSchedulerResources
002E825D,ANALYSIS_LABEL,"Concurrency::details::List<Concurrency::details::SchedulerProxy,Concurrency::details::CollectionTypes::Count>::Remove"
002E8293,ANALYSIS_LABEL,Concurrency::details::ResourceManager::RemoveExecutionResource
002E830A,ANALYSIS_LABEL,Concurrency::details::ResourceManager::RequestInitialVirtualProcessors
002E841F,ANALYSIS_LABEL,Concurrency::details::ResourceManager::ReserveAtHigherUseCounts
002E8455,ANALYSIS_LABEL,Concurrency::details::ResourceManager::ReserveCores
002E862B,ANALYSIS_LABEL,Concurrency::details::ResourceManager::ResetGlobalAllocationData
002E8684,ANALYSIS_LABEL,Concurrency::details::ResourceManager::RetrieveSystemVersionInformation
002E8774,ANALYSIS_LABEL,Concurrency::details::ResourceManager::RoundUpScaledAllocations
002E8935,ANALYSIS_LABEL,Concurrency::details::ResourceManager::SafeReference
002E8954,ANALYSIS_LABEL,Concurrency::details::ResourceManager::SendResourceNotifications
002E8B25,ANALYSIS_LABEL,Concurrency::details::ResourceManager::SetupStaticAllocationData
002E8BF6,ANALYSIS_LABEL,Concurrency::details::ResourceManager::Shutdown
002E8CC9,ANALYSIS_LABEL,Concurrency::details::ResourceManager::SubscribeCurrentThread
002E8D1D,ANALYSIS_LABEL,Concurrency::details::ResourceManager::ToggleRMIdleState
002E8D8A,ANALYSIS_LABEL,Concurrency::details::ResourceManager::Version
002E8DD3,ANALYSIS_LABEL,Concurrency::details::_InternalDeleteHelper<Concurrency::details::ExternalContextBase>
002E8DF5,ANALYSIS_LABEL,Concurrency::details::_InternalDeleteHelper<Concurrency::details::InternalContextBase>
002E8E19,ANALYSIS_LABEL,Concurrency::details::_InternalDeleteHelper<Concurrency::details::ScheduleGroupBase>
002E8E3B,ANALYSIS_LABEL,"Concurrency::details::Hash<Concurrency::details::_TaskCollection *,Concurrency::details::_TaskCollection *>::Hash<Concurrency::details::_TaskCollection *,Concurrency::details::_TaskCollection *>"
002E8E79,ANALYSIS_LABEL,Concurrency::details::CacheLocalScheduleGroupSegment::CacheLocalScheduleGroupSegment
002E8EB3,ANALYSIS_LABEL,Concurrency::details::FairScheduleGroupSegment::FairScheduleGroupSegment
002E8EED,ANALYSIS_LABEL,Concurrency::details::SchedulerBase::NumaInformation::NumaInformation
002E8F07,ANALYSIS_LABEL,Concurrency::details::QuickBitSet::QuickBitSet
002E8F4D,ANALYSIS_LABEL,Concurrency::details::SchedulerBase::SchedulerBase
002E929F,ANALYSIS_LABEL,Concurrency::details::ListArray<Concurrency::details::ExternalStatistics>::~ListArray<Concurrency::details::ExternalStatistics>
002E9390,ANALYSIS_LABEL,Concurrency::details::SchedulerBase::NumaInformation::~NumaInformation
002E93A7,ANALYSIS_LABEL,Concurrency::details::QuickBitSet::~QuickBitSet
002E93B1,ANALYSIS_LABEL,Concurrency::details::ReferenceCountedQuickBitSet::~ReferenceCountedQuickBitSet
002E93D6,ANALYSIS_LABEL,Concurrency::details::SchedulerBase::~SchedulerBase
002E9491,ANALYSIS_LABEL,Concurrency::details::_CriticalNonReentrantLock::_Scoped_lock::~_Scoped_lock
002E94C9,ANALYSIS_LABEL,Concurrency::details::ListArray<Concurrency::details::WorkQueue>::operator[]
002E9511,ANALYSIS_LABEL,Concurrency::details::SchedulerBase::NumaInformation::`vector deleting destructor'
002E95FF,ANALYSIS_LABEL,Concurrency::details::RealizedChore::`scalar deleting destructor'
002E9668,ANALYSIS_LABEL,Concurrency::details::SchedulerBase::`scalar deleting destructor'
002E968D,ANALYSIS_LABEL,Concurrency::details::SubAllocator::`scalar deleting destructor'
002E9712,ANALYSIS_LABEL,Concurrency::details::ListArray<Concurrency::details::ScheduleGroupBase>::Add
002E9875,ANALYSIS_LABEL,Concurrency::details::SchedulerBase::AddContext
002E98A8,ANALYSIS_LABEL,"Concurrency::details::List<Concurrency::details::BoostedObject,Concurrency::details::CollectionTypes::NoCount>::AddHead"
002E98E1,ANALYSIS_LABEL,"Concurrency::details::List<Concurrency::details::SchedulerBase::WaitNode,Concurrency::details::CollectionTypes::NoCount>::AddTail"
002E990E,ANALYSIS_LABEL,"Concurrency::details::SafeRWList<Concurrency::details::SchedulerBase::WaitNode,Concurrency::details::CollectionTypes::NoCount,Concurrency::details::_ReaderWriterLock>::AddTail"
002E9942,ANALYSIS_LABEL,Concurrency::details::SchedulerBase::AddVirtualProcessors
002E99FB,ANALYSIS_LABEL,Concurrency::details::CacheLocalScheduleGroup::AllocateSegment
002E9A36,ANALYSIS_LABEL,Concurrency::details::FairScheduleGroup::AllocateSegment
002E9A82,ANALYSIS_LABEL,Concurrency::details::SchedulerBase::Attach
002E9ACA,ANALYSIS_LABEL,Concurrency::details::SchedulerBase::AttachExternalContext
002E9B35,ANALYSIS_LABEL,Concurrency::details::SchedulerBase::AttemptSchedulerSweep
002E9B95,ANALYSIS_LABEL,Concurrency::details::SchedulerBase::ChangeThrottlingTimer
002E9C51,ANALYSIS_LABEL,Concurrency::details::ListArray<Concurrency::details::ExternalStatistics>::CheckForDeletionBridge
002E9C5D,ANALYSIS_LABEL,Concurrency::details::ListArray<Concurrency::details::ScheduleGroupBase>::CheckForDeletionBridge
002E9C69,ANALYSIS_LABEL,Concurrency::details::SchedulerBase::CheckOneShotStaticDestruction
002E9C8F,ANALYSIS_LABEL,Concurrency::details::SchedulerBase::CheckStaticConstruction
002E9CEB,ANALYSIS_LABEL,Concurrency::details::SchedulerBase::Cleanup
002E9DDD,ANALYSIS_LABEL,Concurrency::details::SchedulerBase::CommitToVersion
002E9E75,ANALYSIS_LABEL,Concurrency::details::SchedulerBase::ComputeSafePointCommitVersion
002E9F00,ANALYSIS_LABEL,Concurrency::details::QuickBitSet::CopyFrom
002E9F3D,ANALYSIS_LABEL,Concurrency::details::SchedulerBase::CreateContextFromDefaultScheduler
002E9F71,ANALYSIS_LABEL,Concurrency::details::SchedulerBase::CreateScheduleGroup
002E9F92,ANALYSIS_LABEL,Concurrency::details::SchedulerBase::CreateWithoutInitializing
002E9FB8,ANALYSIS_LABEL,Concurrency::details::SchedulerBase::DecrementInternalContextCount
002E9FD3,ANALYSIS_LABEL,Concurrency::details::SchedulerBase::DeferredGetInternalContext
002E9FF1,ANALYSIS_LABEL,Concurrency::details::ListArray<Concurrency::details::ExternalStatistics>::DeleteElements
002EA012,ANALYSIS_LABEL,Concurrency::details::ListArray<Concurrency::details::ScheduleGroupBase>::DeleteElements
002EA030,ANALYSIS_LABEL,Concurrency::details::SQueue<Concurrency::details::InternalContextBase>::Dequeue
002EA081,ANALYSIS_LABEL,Concurrency::details::SchedulerBase::DestroySchedulerEventHandlers
002EA0D0,ANALYSIS_LABEL,Concurrency::details::SchedulerBase::DetachExternalContext
002EA113,ANALYSIS_LABEL,Concurrency::details::SchedulerBase::FastCurrentContext
002EA120,ANALYSIS_LABEL,Concurrency::details::SchedulerBase::FastCurrentScheduler
002EA133,ANALYSIS_LABEL,Concurrency::details::QuickBitSet::Fill
002EA150,ANALYSIS_LABEL,Concurrency::details::SchedulerBase::Finalize
002EA279,ANALYSIS_LABEL,"Concurrency::details::Hash<Concurrency::details::_TaskCollection *,Concurrency::details::_TaskCollection *>::Find"
002EA2AF,ANALYSIS_LABEL,Concurrency::details::SchedulerBase::FindCurrentNode
002EA2EA,ANALYSIS_LABEL,Concurrency::details::SchedulerBase::FindNodeByLocation
002EA345,ANALYSIS_LABEL,Concurrency::details::SchedulingRing::FindScheduleGroupSegment
002EA370,ANALYSIS_LABEL,Concurrency::details::SchedulingNode::FindVirtualProcessor
002EA39F,ANALYSIS_LABEL,Concurrency::details::SchedulerBase::FoundAvailableVirtualProcessor
002EA499,ANALYSIS_LABEL,Concurrency::details::SchedulerBase::FoundBlockedContexts
002EA4C3,ANALYSIS_LABEL,Concurrency::details::SchedulerBase::FoundUnstartedChores
002EA58C,ANALYSIS_LABEL,Concurrency::details::SchedulerBase::GetAnonymousScheduleGroupSegment
002EA595,ANALYSIS_LABEL,Concurrency::details::SchedulerBase::GetBitSet
002EA64B,ANALYSIS_LABEL,Concurrency::details::SchedulerBase::GetDefaultScheduler
002EA6E7,ANALYSIS_LABEL,Concurrency::details::SchedulerBase::GetExternalContext
002EA747,ANALYSIS_LABEL,Concurrency::details::SchedulerBase::GetInternalContext
002EA837,ANALYSIS_LABEL,__catch$?GetInternalContext@SchedulerBase@details@Concurrency@@QAEPAVInternalContextBase@23@_N@Z$0
002EA84E,ANALYSIS_LABEL,$LN31
002EA867,ANALYSIS_LABEL,Concurrency::details::SchedulerBase::GetNewContextId
002EA874,ANALYSIS_LABEL,Concurrency::details::SchedulerBase::GetNewScheduleGroupId
002EA881,ANALYSIS_LABEL,Concurrency::details::SchedulerBase::GetNewWorkQueueId
002EA88E,ANALYSIS_LABEL,Concurrency::details::SchedulerBase::GetNextPriorityObject
002EA8C3,ANALYSIS_LABEL,Concurrency::details::SchedulingRing::GetNextScheduleGroupSegment
002EA8FF,ANALYSIS_LABEL,Concurrency::details::SchedulerBase::GetNextSchedulingRing
002EA92C,ANALYSIS_LABEL,Concurrency::details::SchedulerBase::GetNextSchedulingRing
002EA94D,ANALYSIS_LABEL,Concurrency::details::SchedulerBase::GetNextValidSchedulingRingIndex
002EA96F,ANALYSIS_LABEL,Concurrency::details::SchedulingNode::GetNextVirtualProcessor
002EA9A4,ANALYSIS_LABEL,Concurrency::details::SchedulerBase::GetPolicy
002EA9C1,ANALYSIS_LABEL,Concurrency::details::SchedulerBase::GetRealizedChore
002EAA20,ANALYSIS_LABEL,Concurrency::details::SchedulerBase::GetReservedContext
002EAA4A,ANALYSIS_LABEL,Concurrency::details::SchedulerBase::GetSubAllocator
002EAACA,ANALYSIS_LABEL,Concurrency::details::SchedulerBase::GetValidSchedulingRingIndex
002EAAED,ANALYSIS_LABEL,Concurrency::details::QuickBitSet::Grow
002EAB6E,ANALYSIS_LABEL,Concurrency::details::ReferenceCountedQuickBitSet::Grow
002EABE1,ANALYSIS_LABEL,Concurrency::details::SchedulerBase::HasCompletedShutdown
002EABF4,ANALYSIS_LABEL,"Concurrency::details::Hash<Concurrency::details::_TaskCollection *,Concurrency::details::_TaskCollection *>::HashValue"
002EAC20,ANALYSIS_LABEL,Concurrency::details::SchedulerBase::Initialize
002EB0CB,ANALYSIS_LABEL,"Concurrency::details::Hash<Concurrency::details::_TaskCollection *,Concurrency::details::_TaskCollection *>::Insert"
002EB135,ANALYSIS_LABEL,Concurrency::details::SchedulerBase::InternalCreateScheduleGroup
002EB1FB,ANALYSIS_LABEL,Concurrency::details::ScheduleGroupBase::InternalRelease
002EB234,ANALYSIS_LABEL,Concurrency::details::QuickBitSet::Intersects
002EB272,ANALYSIS_LABEL,Concurrency::details::SafePointInvocation::InvokeAtNextSafePoint
002EB2AD,ANALYSIS_LABEL,Concurrency::details::SchedulerBase::InvokeOnSafePoint
002EB2F1,ANALYSIS_LABEL,Concurrency::details::ExternalStatistics::IsActive
002EB30E,ANALYSIS_LABEL,Concurrency::details::SchedulerBase::IsAvailableLocation
002EB344,ANALYSIS_LABEL,"Concurrency::details::Hash<Concurrency::details::_TaskCollection *,Concurrency::details::_TaskCollection *>::Lookup"
002EB36E,ANALYSIS_LABEL,Concurrency::details::FairScheduleGroup::MailChore
002EB37F,ANALYSIS_LABEL,Concurrency::details::SchedulerBase::MarkSafePoint
002EB3A1,ANALYSIS_LABEL,Concurrency::details::SchedulerBase::NotifyThrottledContext
002EB42B,ANALYSIS_LABEL,Concurrency::details::SchedulerBase::OneShotStaticConstruction
002EB43F,ANALYSIS_LABEL,Concurrency::details::SchedulerBase::OneShotStaticDestruction
002EB458,ANALYSIS_LABEL,Concurrency::details::SchedulerBase::PerformServiceScan
002EB603,ANALYSIS_LABEL,Concurrency::details::SchedulerBase::PhaseOneShutdown
002EB679,ANALYSIS_LABEL,Concurrency::details::SchedulerBase::PhaseTwoShutdown
002EB70E,ANALYSIS_LABEL,Concurrency::details::SchedulerBase::PublishNewDataVersion
002EB726,ANALYSIS_LABEL,Concurrency::details::LockFreePushStack<Concurrency::details::SchedulerBase::ContextNode>::Push
002EB744,ANALYSIS_LABEL,Concurrency::details::SchedulerBase::PushRunnableToInactive
002EB7AC,ANALYSIS_LABEL,Concurrency::details::QuickBitSet::Reallocate
002EB7F3,ANALYSIS_LABEL,Concurrency::details::SchedulerBase::Reference
002EB85E,ANALYSIS_LABEL,Concurrency::details::SchedulerBase::ReferenceForAttach
002EB87C,ANALYSIS_LABEL,Concurrency::details::SchedulerBase::RegisterShutdownEvent
002EB922,ANALYSIS_LABEL,Concurrency::details::SchedulerBase::Release
002EB93A,ANALYSIS_LABEL,Concurrency::details::SchedulerBase::ReleaseExternalContext
002EB97C,ANALYSIS_LABEL,Concurrency::details::SchedulerBase::ReleaseForDetach
002EB99A,ANALYSIS_LABEL,Concurrency::details::SchedulerBase::ReleaseInternalContext
002EB9E3,ANALYSIS_LABEL,Concurrency::details::SchedulerBase::ReleaseRealizedChore
002EBA32,ANALYSIS_LABEL,Concurrency::details::SchedulerBase::ReleaseReservedContexts
002EBA9D,ANALYSIS_LABEL,Concurrency::details::SchedulerBase::ReleaseSuspendedVirtualProcessors
002EBABB,ANALYSIS_LABEL,"Concurrency::details::List<Concurrency::details::BoostedObject,Concurrency::details::CollectionTypes::NoCount>::Remove"
002EBAED,ANALYSIS_LABEL,Concurrency::details::ListArray<Concurrency::details::ExternalStatistics>::Remove
002EBBF2,ANALYSIS_LABEL,Concurrency::details::ListArray<Concurrency::details::ScheduleGroupBase>::Remove
002EBCF7,ANALYSIS_LABEL,"Concurrency::details::List<Concurrency::details::BoostedObject,Concurrency::details::CollectionTypes::NoCount>::RemoveHead"
002EBD1F,ANALYSIS_LABEL,"Concurrency::details::List<Concurrency::details::SchedulerBase::WaitNode,Concurrency::details::CollectionTypes::NoCount>::RemoveHead"
002EBD43,ANALYSIS_LABEL,"Concurrency::details::SafeRWList<Concurrency::details::SchedulerBase::WaitNode,Concurrency::details::CollectionTypes::NoCount,Concurrency::details::_ReaderWriterLock>::RemoveHead"
002EBD77,ANALYSIS_LABEL,Concurrency::details::SchedulerBase::RemovePrioritizedObject
002EBDB3,ANALYSIS_LABEL,Concurrency::details::SchedulerBase::RemoveScheduleGroup
002EBDCB,ANALYSIS_LABEL,Concurrency::details::FairScheduleGroup::RemoveSegments
002EBDD9,ANALYSIS_LABEL,Concurrency::details::SchedulerBase::RemoveVirtualProcessors
002EBED5,ANALYSIS_LABEL,Concurrency::details::SchedulerBase::Resurrect
002EBF1C,ANALYSIS_LABEL,Concurrency::details::SchedulerBase::ReturnSubAllocator
002EBF5E,ANALYSIS_LABEL,Concurrency::details::SchedulerBase::SafeFastCurrentContext
002EBF7A,ANALYSIS_LABEL,Concurrency::details::SchedulerBase::SafeReference
002EBF9C,ANALYSIS_LABEL,Concurrency::details::SchedulerBase::ScheduleTask
002EBFE5,ANALYSIS_LABEL,Concurrency::details::SchedulerBase::ScheduleTask
002EC01B,ANALYSIS_LABEL,Concurrency::details::SchedulerBase::SetNextSchedulingRing
002EC040,ANALYSIS_LABEL,Concurrency::details::SpinUntilBitsReset
002EC073,ANALYSIS_LABEL,Concurrency::details::SpinUntilBitsSet
002EC0AF,ANALYSIS_LABEL,Concurrency::details::SchedulerBase::StartupNewVirtualProcessor
002EC0D7,ANALYSIS_LABEL,Concurrency::details::SchedulerBase::StartupVirtualProcessor
002EC12E,ANALYSIS_LABEL,Concurrency::details::SchedulerBase::StaticConstruction
002EC13C,ANALYSIS_LABEL,Concurrency::details::SchedulerBase::StaticDestruction
002EC2D0,ANALYSIS_LABEL,Concurrency::details::SchedulerBase::SweepSchedulerForFinalize
002EC366,ANALYSIS_LABEL,Concurrency::details::SchedulerBase::ThrottlerDispatch
002EC47D,ANALYSIS_LABEL,Concurrency::details::SchedulerBase::ThrottlerDispatchBridge
002EC48C,ANALYSIS_LABEL,Concurrency::details::SchedulerBase::ThrottlerDispatchBridgeXP
002EC49B,ANALYSIS_LABEL,Concurrency::details::SchedulerBase::ThrottlerTrampoline
002EC4D8,ANALYSIS_LABEL,Concurrency::details::SchedulerBase::ThrottlingTime
002EC56F,ANALYSIS_LABEL,Concurrency::details::SchedulerBase::ThrowSchedulerEvent
002EC5DC,ANALYSIS_LABEL,Concurrency::details::SchedulerBase::TraceSchedulerEvent
002EC63B,ANALYSIS_LABEL,Concurrency::details::SchedulerBase::TypeOfWorkPending
002EC669,ANALYSIS_LABEL,Concurrency::details::SchedulerBase::UpdateCommitVersion
002EC6B1,ANALYSIS_LABEL,Concurrency::details::SchedulerBase::UpdatePendingVersion
002EC6E3,ANALYSIS_LABEL,Concurrency::details::SchedulerBase::VirtualProcessorActive
002EC792,ANALYSIS_LABEL,Concurrency::details::SchedulerBase::VirtualProcessorIdle
002EC7F1,ANALYSIS_LABEL,Concurrency::location::_Assign
002EC826,ANALYSIS_LABEL,Concurrency::context_self_unblock::context_self_unblock
002EC837,ANALYSIS_LABEL,Concurrency::context_unblock_unbalanced::context_unblock_unbalanced
002EC848,ANALYSIS_LABEL,Concurrency::improper_lock::improper_lock
002EC863,ANALYSIS_LABEL,Concurrency::improper_scheduler_attach::improper_scheduler_attach
002EC874,ANALYSIS_LABEL,Concurrency::improper_scheduler_reference::improper_scheduler_reference
002EC896,ANALYSIS_LABEL,Concurrency::invalid_scheduler_policy_key::invalid_scheduler_policy_key
002EC8B1,ANALYSIS_LABEL,Concurrency::invalid_scheduler_policy_thread_specification::invalid_scheduler_policy_thread_specification
002EC8C2,ANALYSIS_LABEL,Concurrency::invalid_scheduler_policy_value::invalid_scheduler_policy_value
002EC8DD,ANALYSIS_LABEL,Concurrency::missing_wait::missing_wait
002EC8FF,ANALYSIS_LABEL,Concurrency::scheduler_resource_allocation_error::scheduler_resource_allocation_error
002EC91C,ANALYSIS_LABEL,Concurrency::scheduler_worker_creation_error::scheduler_worker_creation_error
002EC939,ANALYSIS_LABEL,Concurrency::unsupported_os::unsupported_os
002EC977,ANALYSIS_LABEL,Concurrency::details::ContextBase::CancellationBeaconStack::CancellationBeaconStack
002EC990,ANALYSIS_LABEL,Concurrency::details::ContextBase::ContextBase
002ECA61,ANALYSIS_LABEL,"Concurrency::details::Hash<Concurrency::details::_TaskCollection *,Concurrency::details::_TaskCollection *>::~Hash<Concurrency::details::_TaskCollection *,Concurrency::details::_TaskCollection *>"
002ECA74,ANALYSIS_LABEL,"Concurrency::details::StructuredWorkStealingQueue<Concurrency::details::_UnrealizedChore,Concurrency::details::_CriticalNonReentrantLock>::~StructuredWorkStealingQueue<Concurrency::details::_UnrealizedChore,Concurrency::details::_CriticalNonReentrantLock"
002ECA8B,ANALYSIS_LABEL,"Concurrency::details::WorkStealingQueue<Concurrency::details::_UnrealizedChore,Concurrency::details::_CriticalNonReentrantLock>::~WorkStealingQueue<Concurrency::details::_UnrealizedChore,Concurrency::details::_CriticalNonReentrantLock>"
002ECAA2,ANALYSIS_LABEL,Concurrency::details::ContextBase::CancellationBeaconStack::~CancellationBeaconStack
002ECADE,ANALYSIS_LABEL,Concurrency::Context::~Context
002ECAE5,ANALYSIS_LABEL,Concurrency::details::ContextBase::~ContextBase
002ECB2A,ANALYSIS_LABEL,"Concurrency::details::SafeRWList<Concurrency::details::ListEntry,Concurrency::details::CollectionTypes::NoCount,Concurrency::details::_ReaderWriterLock>::_Scoped_lock_read::~_Scoped_lock_read"
002ECB65,ANALYSIS_LABEL,Concurrency::location::operator==
002ECB89,ANALYSIS_LABEL,Concurrency::details::ContextBase::CancellationBeaconStack::operator[]
002ECBE2,ANALYSIS_LABEL,Concurrency::details::ContextBase::`scalar deleting destructor'
002ECC07,ANALYSIS_LABEL,Concurrency::details::WorkQueue::`scalar deleting destructor'
002ECC33,ANALYSIS_LABEL,Concurrency::details::ListArray<Concurrency::details::WorkQueue>::Add
002ECD96,ANALYSIS_LABEL,Concurrency::details::ContextBase::AddStealer
002ECDC0,ANALYSIS_LABEL,"Concurrency::details::List<Concurrency::details::ListEntry,Concurrency::details::CollectionTypes::NoCount>::AddTail"
002ECDEF,ANALYSIS_LABEL,"Concurrency::details::SafeRWList<Concurrency::details::ListEntry,Concurrency::details::CollectionTypes::NoCount,Concurrency::details::_ReaderWriterLock>::AddTail"
002ECE23,ANALYSIS_LABEL,Concurrency::details::ContextBase::CancelCollection
002ECE8A,ANALYSIS_LABEL,Concurrency::details::ContextBase::CancelCollectionComplete
002ECEBA,ANALYSIS_LABEL,Concurrency::details::ContextBase::CancelStealers
002ECFAA,ANALYSIS_LABEL,Concurrency::details::ListArray<Concurrency::details::WorkQueue>::CheckForDeletionBridge
002ECFB6,ANALYSIS_LABEL,Concurrency::details::Mailbox<Concurrency::details::_UnrealizedChore>::Slot::Claim
002ECFFD,ANALYSIS_LABEL,Concurrency::details::ContextBase::Cleanup
002ED02D,ANALYSIS_LABEL,Concurrency::details::ContextBase::ClearAliasTable
002ED06E,ANALYSIS_LABEL,Concurrency::details::ContextBase::ClearContextTls
002ED07E,ANALYSIS_LABEL,Concurrency::details::ContextBase::CreateWorkQueue
002ED0FD,ANALYSIS_LABEL,Concurrency::details::ListArray<Concurrency::details::WorkQueue>::DeleteElements
002ED13A,ANALYSIS_LABEL,Concurrency::details::ContextBase::DetachStealers
002ED27C,ANALYSIS_LABEL,Concurrency::details::ContextBase::EnterCriticalRegionHelper
002ED284,ANALYSIS_LABEL,Concurrency::details::ContextBase::EnterHyperCriticalRegionHelper
002ED28F,ANALYSIS_LABEL,Concurrency::details::ContextBase::ExitCriticalRegionHelper
002ED297,ANALYSIS_LABEL,Concurrency::details::ContextBase::ExitHyperCriticalRegionHelper
002ED2A2,ANALYSIS_LABEL,"Concurrency::details::Hash<Concurrency::details::_TaskCollection *,Concurrency::details::_TaskCollection *>::FindAndDelete"
002ED2E4,ANALYSIS_LABEL,Concurrency::details::ContextBase::FlagCancellationBeacons
002ED32C,ANALYSIS_LABEL,Concurrency::details::ContextBase::GetCriticalRegionType
002ED336,ANALYSIS_LABEL,DXCrackFVF::BPointSize
002ED340,ANALYSIS_LABEL,Concurrency::details::ContextBase::GetIndirectAlias
002ED344,ANALYSIS_LABEL,Concurrency::details::ContextBase::GetScheduleGroup
002ED355,ANALYSIS_LABEL,Concurrency::details::ContextBase::GetScheduleGroupId
002ED380,ANALYSIS_LABEL,Concurrency::details::ContextBase::GetScheduleGroupSegment
002ED384,ANALYSIS_LABEL,Concurrency::details::ContextBase::IsCanceledAtDepth
002ED46E,ANALYSIS_LABEL,Concurrency::details::WorkQueue::LockedSetOwningContext
002ED491,ANALYSIS_LABEL,"Concurrency::details::Hash<Concurrency::details::_TaskCollection *,Concurrency::details::_TaskCollection *>::NextList"
002ED4C2,ANALYSIS_LABEL,"Concurrency::details::WorkStealingQueue<Concurrency::details::_UnrealizedChore,Concurrency::details::_CriticalNonReentrantLock>::Pop"
002ED51C,ANALYSIS_LABEL,Concurrency::details::ContextBase::PopContextFromTls
002ED53A,ANALYSIS_LABEL,Concurrency::details::ContextBase::PushContextToTls
002ED555,ANALYSIS_LABEL,Concurrency::details::ContextBase::RecomputeMaximumCancellationDepth
002ED5DE,ANALYSIS_LABEL,Concurrency::details::ContextBase::ReferenceForCancellation
002ED5E3,ANALYSIS_LABEL,Concurrency::details::ContextBase::ReleaseWorkQueue
002ED63A,ANALYSIS_LABEL,"Concurrency::details::Hash<Concurrency::details::_TaskCollection *,Concurrency::details::_TaskCollection *>::Remove"
002ED682,ANALYSIS_LABEL,"Concurrency::details::List<Concurrency::details::ListEntry,Concurrency::details::CollectionTypes::NoCount>::Remove"
002ED6B0,ANALYSIS_LABEL,Concurrency::details::ListArray<Concurrency::details::WorkQueue>::Remove
002ED7E1,ANALYSIS_LABEL,Concurrency::details::ContextBase::RemoveStealer
002ED7F7,ANALYSIS_LABEL,Concurrency::details::ContextBase::SetAsCurrentTls
002ED806,ANALYSIS_LABEL,Concurrency::details::Mailbox<Concurrency::details::_UnrealizedChore>::Segment::StaticDelete
002ED825,ANALYSIS_LABEL,Concurrency::details::ContextBase::StaticEnterHyperCriticalRegion
002ED82A,ANALYSIS_LABEL,Concurrency::details::ContextBase::SweepAliasTable
002ED8AE,ANALYSIS_LABEL,Concurrency::details::ContextBase::SweepUnstructured
002ED8BA,ANALYSIS_LABEL,"Concurrency::details::WorkStealingQueue<Concurrency::details::_UnrealizedChore,Concurrency::details::_CriticalNonReentrantLock>::SyncPop"
002ED953,ANALYSIS_LABEL,Concurrency::details::ContextBase::ThrowContextEvent
002ED9C6,ANALYSIS_LABEL,Concurrency::details::ContextBase::TraceContextEvent
002ED9F3,ANALYSIS_LABEL,"Concurrency::details::WorkStealingQueue<Concurrency::details::_UnrealizedChore,Concurrency::details::_CriticalNonReentrantLock>::TryPop"
002EDA56,ANALYSIS_LABEL,Concurrency::details::ContextBase::TryPopUnstructured
002EDA65,ANALYSIS_LABEL,"Concurrency::details::Hash<Concurrency::details::_TaskCollection *,Concurrency::details::_TaskCollection *>::Wipe"
002EDAB2,ANALYSIS_LABEL,Concurrency::details::_TaskCollectionBase::_SafeGetParent
002EDAC6,ANALYSIS_LABEL,Concurrency::details::atomic_compare_exchange<long>
002EDAED,ANALYSIS_LABEL,std::condition_variable::wait<<lambda_cf8f1d893b3a87da856048d6f694e263> >
002EDB19,ANALYSIS_LABEL,Concurrency::details::CancellationTokenRegistration_TaskProc::CancellationTokenRegistration_TaskProc
002EDB46,ANALYSIS_LABEL,Concurrency::details::_CancellationTokenRegistration::_CancellationTokenRegistration
002EDBAC,ANALYSIS_LABEL,Concurrency::details::_Interruption_exception::_Interruption_exception
002EDBBD,ANALYSIS_LABEL,Concurrency::details::_TaskCollection::_TaskCollection
002EDCC9,ANALYSIS_LABEL,Concurrency::details::_MallocaArrayHolder<Concurrency::event *>::~_MallocaArrayHolder<Concurrency::event *>
002EDCD9,ANALYSIS_LABEL,Concurrency::details::TaskStack::~TaskStack
002EDCDF,ANALYSIS_LABEL,LOCATOR::REGISTRY::~REGISTRY
002EDCE9,ANALYSIS_LABEL,Concurrency::details::_CancellationTokenRegistration::~_CancellationTokenRegistration
002EDD0E,ANALYSIS_LABEL,Concurrency::details::_TaskCollection::~_TaskCollection
002EDE20,ANALYSIS_LABEL,Concurrency::details::CancellationTokenRegistration_TaskProc::`scalar deleting destructor'
002EDE42,ANALYSIS_LABEL,Concurrency::details::_CancellationTokenRegistration::`scalar deleting destructor'
002EDE87,ANALYSIS_LABEL,Concurrency::details::ContextBase::AddArbitraryAlias
002EDEAA,ANALYSIS_LABEL,Concurrency::details::ContextBase::GetArbitraryAlias
002EDF0E,ANALYSIS_LABEL,Concurrency::details::_TaskCollection::_Abort
002EE03D,ANALYSIS_LABEL,Concurrency::details::_TaskCollection::_AbortiveSweep
002EE087,ANALYSIS_LABEL,Concurrency::details::_TaskCollection::_Alias
002EE113,ANALYSIS_LABEL,std::_Atomic_compare_exchange_strong_4
002EE182,ANALYSIS_LABEL,Concurrency::details::_StructuredTaskCollection::_Cancel
002EE1D3,ANALYSIS_LABEL,Concurrency::details::_TaskCollection::_Cancel
002EE274,ANALYSIS_LABEL,Concurrency::details::_TaskCollection::_CancelDirectAliases
002EE293,ANALYSIS_LABEL,Concurrency::details::_TaskCollection::_CancelFromArbitraryThread
002EE338,ANALYSIS_LABEL,Concurrency::details::_TaskCollection::_CancelStolenContexts
002EE3C3,ANALYSIS_LABEL,Concurrency::details::_TaskCollection::_CollectionMatchPredicate
002EE3D6,ANALYSIS_LABEL,std::_Compare_exchange_acquire_4
002EE3FD,ANALYSIS_LABEL,Concurrency::details::_StructuredTaskCollection::_CountUp
002EE42D,ANALYSIS_LABEL,Concurrency::details::_CancellationTokenState::_DeregisterCallback
002EE512,ANALYSIS_LABEL,Concurrency::details::CancellationTokenRegistration_TaskProc::_Exec
002EE525,ANALYSIS_LABEL,Concurrency::details::_TaskCollection::_FullAliasWait
002EE613,ANALYSIS_LABEL,Concurrency::details::_StructuredTaskCollection::_Initialize
002EE669,ANALYSIS_LABEL,Concurrency::details::_TaskCollection::_Initialize
002EE69E,ANALYSIS_LABEL,Concurrency::details::_CancellationTokenRegistration::_Invoke
002EE725,ANALYSIS_LABEL,Concurrency::details::_TaskCollection::_IsDirectAlias
002EE738,ANALYSIS_LABEL,Concurrency::details::_TaskCollection::_IsIndirectAlias
002EE74B,ANALYSIS_LABEL,Concurrency::details::_TaskCollection::_IsMarkedForAbnormalExit
002EE759,ANALYSIS_LABEL,Concurrency::details::_TaskCollection::_IsStaleAlias
002EE762,ANALYSIS_LABEL,Concurrency::details::_CancellationTokenState::_IsValid
002EE77A,ANALYSIS_LABEL,std::_Memory_order_upper_bound
002EE79F,ANALYSIS_LABEL,Concurrency::details::_TaskCollection::_NotifyCompletedChoreAndFree
002EE7F0,ANALYSIS_LABEL,Concurrency::details::_TaskCollection::_OriginalCollection
002EE7F4,ANALYSIS_LABEL,Concurrency::details::_CancellationTokenState::_RegisterCallback
002EE833,ANALYSIS_LABEL,Concurrency::details::_CancellationTokenState::_RegisterCallback
002EE8A5,ANALYSIS_LABEL,Concurrency::details::_RefCounter::_Release
002EE8CB,ANALYSIS_LABEL,Concurrency::details::_TaskCollection::_ReleaseAlias
002EE905,ANALYSIS_LABEL,Concurrency::details::_TaskCollection::_Reset
002EEA02,ANALYSIS_LABEL,Concurrency::details::_TaskCollection::_SetCancelState
002EEA3C,ANALYSIS_LABEL,Concurrency::details::_TaskCollection::_SweepAbortedChore
002EEA55,ANALYSIS_LABEL,Concurrency::details::_TaskCollection::_TaskCleanup
002EEAA9,ANALYSIS_LABEL,Concurrency::details::_CancellationTokenState::TokenRegistrationContainer::push_back
002EEAE7,ANALYSIS_LABEL,Concurrency::details::_CancellationTokenState::TokenRegistrationContainer::remove
002EEB2B,ANALYSIS_LABEL,Concurrency::SchedulerPolicy::SchedulerPolicy
002EEB4B,ANALYSIS_LABEL,Concurrency::SchedulerPolicy::SchedulerPolicy
002EEBC2,ANALYSIS_LABEL,Concurrency::SchedulerPolicy::~SchedulerPolicy
002EEBCE,ANALYSIS_LABEL,Concurrency::SchedulerPolicy::operator=
002EEBEC,ANALYSIS_LABEL,Concurrency::SchedulerPolicy::GetPolicyValue
002EEC24,ANALYSIS_LABEL,Concurrency::SchedulerPolicy::_AreConcurrencyLimitsValid
002EEC42,ANALYSIS_LABEL,Concurrency::SchedulerPolicy::_Initialize
002EED1B,ANALYSIS_LABEL,__catch$?_Initialize@SchedulerPolicy@Concurrency@@AAEXIPAPAD@Z$0
002EED2D,ANALYSIS_LABEL,Concurrency::SchedulerPolicy::_ResolvePolicyValues
002EED75,ANALYSIS_LABEL,Concurrency::SchedulerPolicy::_StringFromPolicyKey
002EED8C,ANALYSIS_LABEL,Concurrency::SchedulerPolicy::_ValidPolicyValue
002EEDA5,ANALYSIS_LABEL,$LN4
002EEDB1,ANALYSIS_LABEL,$LN6
002EEDD3,ANALYSIS_LABEL,$LN9
002EEDDE,ANALYSIS_LABEL,$LN11
002EEDF1,ANALYSIS_LABEL,$LN14
002EEE00,ANALYSIS_LABEL,$LN16
002EEE0F,ANALYSIS_LABEL,$LN18
002EEE20,ANALYSIS_LABEL,$LN21
002EEE2B,ANALYSIS_LABEL,$LN23
002EEE44,ANALYSIS_LABEL,$LN27
002EEE6C,ANALYSIS_LABEL,Concurrency::SchedulerPolicy::_ValidateConcRTPolicy
002EEEA8,ANALYSIS_LABEL,Concurrency::details::ExecutionResource::ExecutionResource
002EEF0A,ANALYSIS_LABEL,Concurrency::details::ExecutionResource::ExecutionResource
002EEF5E,ANALYSIS_LABEL,Concurrency::details::ExecutionResource::CurrentSubscriptionLevel
002EEF70,ANALYSIS_LABEL,Concurrency::details::ExecutionResource::DecrementUseCounts
002EEFE4,ANALYSIS_LABEL,Concurrency::details::ExecutionResource::IncrementUseCounts
002EF0B1,ANALYSIS_LABEL,Concurrency::details::ExecutionResource::Remove
002EF112,ANALYSIS_LABEL,Concurrency::details::ExecutionResource::ResetCurrent
002EF12E,ANALYSIS_LABEL,Concurrency::details::ExecutionResource::SetAsCurrent
002EF151,ANALYSIS_LABEL,Concurrency::details::sign<unsigned int>
002EF169,ANALYSIS_LABEL,Concurrency::details::sign<double>
002EF1A3,ANALYSIS_LABEL,Concurrency::details::HillClimbing::HillClimbing
002EF232,ANALYSIS_LABEL,Concurrency::details::HillClimbing::MeasuredHistory::Add
002EF255,ANALYSIS_LABEL,Concurrency::details::HillClimbing::CalculateThroughput
002EF292,ANALYSIS_LABEL,Concurrency::details::HillClimbing::CalculateThroughputSlope
002EF350,ANALYSIS_LABEL,Concurrency::details::HillClimbing::MeasuredHistory::CoefficientOfVariationMean
002EF389,ANALYSIS_LABEL,Concurrency::details::HillClimbing::EstablishControlSetting
002EF3CE,ANALYSIS_LABEL,Concurrency::details::HillClimbing::FlushHistories
002EF414,ANALYSIS_LABEL,Concurrency::details::HillClimbing::GetHistory
002EF43F,ANALYSIS_LABEL,Concurrency::details::HillClimbing::GetRandomMove
002EF458,ANALYSIS_LABEL,Concurrency::details::HillClimbing::IsStableHistory
002EF488,ANALYSIS_LABEL,Concurrency::details::HillClimbing::MeasuredHistory::Mean
002EF4AA,ANALYSIS_LABEL,Concurrency::details::HillClimbing::RecommendControlSetting
002EF57C,ANALYSIS_LABEL,Concurrency::details::HillClimbing::Update
002EF73E,ANALYSIS_LABEL,Concurrency::details::HillClimbing::MeasuredHistory::Variance
002EF78C,ANALYSIS_LABEL,Concurrency::details::SchedulerProxy::SchedulerProxy
002EFA45,ANALYSIS_LABEL,Concurrency::details::_ReentrantBlockingLock::_Scoped_lock::~_Scoped_lock
002EFA7D,ANALYSIS_LABEL,Concurrency::details::SchedulerProxy::AddCore
002EFB4F,ANALYSIS_LABEL,Concurrency::details::SchedulerProxy::AddExecutionResource
002EFB98,ANALYSIS_LABEL,"Concurrency::details::List<Concurrency::details::ExecutionResource,Concurrency::details::CollectionTypes::Count>::AddTail"
002EFBD1,ANALYSIS_LABEL,Concurrency::details::SchedulerProxy::AddThreadSubscription
002EFBE0,ANALYSIS_LABEL,Concurrency::details::SchedulerProxy::AddVirtualProcessorRoots
002EFC8C,ANALYSIS_LABEL,Concurrency::details::SchedulerProxy::AdjustAllocationIncrease
002EFD58,ANALYSIS_LABEL,Concurrency::details::SchedulerProxy::Cleanup
002EFE26,ANALYSIS_LABEL,Concurrency::details::SchedulerProxy::CreateExternalThreadResource
002EFF27,ANALYSIS_LABEL,Concurrency::details::SchedulerProxy::CreateVirtualProcessorRoot
002EFF5F,ANALYSIS_LABEL,Concurrency::details::SchedulerProxy::DecrementCoreSubscription
002EFFA9,ANALYSIS_LABEL,Concurrency::details::SchedulerProxy::DecrementFixedCoreCount
002F003F,ANALYSIS_LABEL,Concurrency::details::SchedulerProxy::DestroyExecutionResource
002F00C4,ANALYSIS_LABEL,Concurrency::details::SchedulerProxy::DestroyVirtualProcessorRoot
002F014D,ANALYSIS_LABEL,Concurrency::details::SchedulerProxy::FinalShutdown
002F0169,ANALYSIS_LABEL,Concurrency::details::SchedulerProxy::GetCurrentThreadExecutionResource
002F0186,ANALYSIS_LABEL,Concurrency::details::SchedulerProxy::GetNewThreadProxy
002F01D3,ANALYSIS_LABEL,Concurrency::details::SchedulerProxy::GetResourceForNewSubscription
002F0221,ANALYSIS_LABEL,Concurrency::details::SchedulerProxy::GrantAllocation
002F0500,ANALYSIS_LABEL,Concurrency::details::SchedulerProxy::IncrementCoreSubscription
002F054E,ANALYSIS_LABEL,Concurrency::details::SchedulerProxy::IncrementFixedCoreCount
002F05D6,ANALYSIS_LABEL,Concurrency::details::SchedulerProxy::ReferenceCurrentThreadExecutionResource
002F0681,ANALYSIS_LABEL,"Concurrency::details::List<Concurrency::details::ExecutionResource,Concurrency::details::CollectionTypes::Count>::Remove"
002F06B7,ANALYSIS_LABEL,Concurrency::details::SchedulerProxy::RemoveCore
002F07A1,ANALYSIS_LABEL,Concurrency::details::SchedulerProxy::RemoveThreadSubscription
002F07CD,ANALYSIS_LABEL,Concurrency::details::SchedulerProxy::RequestInitialVirtualProcessors
002F07E0,ANALYSIS_LABEL,Concurrency::details::SchedulerProxy::SendCoreNotification
002F08D8,ANALYSIS_LABEL,Concurrency::details::SchedulerProxy::ToggleBorrowedState
002F090B,ANALYSIS_LABEL,Concurrency::details::SchedulerProxy::UnbindContext
002F0955,ANALYSIS_LABEL,Concurrency::details::WinRT::Initialize
002F0A41,ANALYSIS_LABEL,Concurrency::details::ThreadProxyFactory<Concurrency::details::FreeThreadProxy>::ThreadProxyFactory<Concurrency::details::FreeThreadProxy>
002F0A7C,ANALYSIS_LABEL,Concurrency::details::FreeThreadProxy::FreeThreadProxy
002F0AB3,ANALYSIS_LABEL,Concurrency::details::FreeThreadProxyFactory::FreeThreadProxyFactory
002F0ADF,ANALYSIS_LABEL,Concurrency::details::ThreadProxyFactoryManager::ThreadProxyFactoryManager
002F0B13,ANALYSIS_LABEL,Concurrency::details::ThreadProxyFactoryManager::~ThreadProxyFactoryManager
002F0BAD,ANALYSIS_LABEL,Concurrency::details::FreeThreadProxy::`scalar deleting destructor'
002F0BD5,ANALYSIS_LABEL,Concurrency::details::FreeThreadProxyFactory::`scalar deleting destructor'
002F0C1B,ANALYSIS_LABEL,Concurrency::details::FreeThreadProxyFactory::Create
002F0C50,ANALYSIS_LABEL,Concurrency::details::FreeThreadProxyFactory::CreateFactory
002F0C7A,ANALYSIS_LABEL,Concurrency::details::ThreadProxyFactoryManager::GetFreeThreadProxyFactory
002F0CC2,ANALYSIS_LABEL,Concurrency::details::ThreadProxyFactory<Concurrency::details::FreeThreadProxy>::Prepare
002F0CDA,ANALYSIS_LABEL,Concurrency::details::ThreadProxyFactory<Concurrency::details::FreeThreadProxy>::ReclaimProxy
002F0D3C,ANALYSIS_LABEL,Concurrency::details::FreeThreadProxyFactory::ReclaimProxy
002F0DDF,ANALYSIS_LABEL,Concurrency::details::FreeThreadProxyFactory::Reference
002F0DE9,ANALYSIS_LABEL,Concurrency::details::FreeThreadProxyFactory::Release
002F0E15,ANALYSIS_LABEL,Concurrency::details::ThreadProxyFactory<Concurrency::details::FreeThreadProxy>::RequestProxy
002F0E97,ANALYSIS_LABEL,Concurrency::details::FreeThreadProxyFactory::Retire
002F0EA6,ANALYSIS_LABEL,Concurrency::details::ThreadProxyFactory<Concurrency::details::FreeThreadProxy>::RetireThreadProxies
002F0F13,ANALYSIS_LABEL,Concurrency::details::FreeThreadProxyFactory::ShutdownFactory
002F0F33,ANALYSIS_LABEL,Concurrency::details::ThreadProxyFactory<Concurrency::details::FreeThreadProxy>::StaticInitialize
002F0F52,ANALYSIS_LABEL,Concurrency::details::Etw::Etw
002F101E,ANALYSIS_LABEL,Concurrency::details::ControlCallback
002F10E5,ANALYSIS_LABEL,Concurrency::details::Etw::GetEnableFlags
002F1121,ANALYSIS_LABEL,Concurrency::details::Etw::GetEnableLevel
002F115D,ANALYSIS_LABEL,Concurrency::details::Etw::GetLoggerHandle
002F1199,ANALYSIS_LABEL,Concurrency::details::Etw::RegisterGuids
002F11DC,ANALYSIS_LABEL,Concurrency::details::Etw::Trace
002F1214,ANALYSIS_LABEL,Concurrency::details::Etw::UnregisterGuids
002F1249,ANALYSIS_LABEL,Concurrency::details::_RegisterConcRTEventTracing
002F12B8,ANALYSIS_LABEL,Concurrency::details::_UnregisterConcRTEventTracing
002F12FB,ANALYSIS_LABEL,Concurrency::details::_InternalDeleteHelper<Concurrency::details::VirtualProcessor>
002F131C,ANALYSIS_LABEL,"Concurrency::details::StructuredWorkStealingQueue<Concurrency::details::_UnrealizedChore,Concurrency::details::_CriticalNonReentrantLock>::StructuredWorkStealingQueue<Concurrency::details::_UnrealizedChore,Concurrency::details::_CriticalNonReentrantLock>"
002F138C,ANALYSIS_LABEL,Concurrency::details::Mailbox<Concurrency::details::_UnrealizedChore>::Slot::Slot
002F1396,ANALYSIS_LABEL,Concurrency::details::VirtualProcessor::VirtualProcessor
002F13F8,ANALYSIS_LABEL,Concurrency::details::VirtualProcessor::~VirtualProcessor
002F145A,ANALYSIS_LABEL,Concurrency::details::VirtualProcessor::`scalar deleting destructor'
002F147F,ANALYSIS_LABEL,Concurrency::details::SchedulerBase::AcknowledgedAffinityMessage
002F14B6,ANALYSIS_LABEL,Concurrency::details::VirtualProcessor::Affinitize
002F14FE,ANALYSIS_LABEL,Concurrency::details::VirtualProcessor::CheckAffinityNotification
002F1542,ANALYSIS_LABEL,Concurrency::details::ListArray<Concurrency::details::VirtualProcessor>::CheckForDeletionBridge
002F1595,ANALYSIS_LABEL,Concurrency::details::VirtualProcessor::ClaimExclusiveOwnership
002F162A,ANALYSIS_LABEL,Concurrency::details::SchedulerBase::ClearQuickCacheSlot
002F164F,ANALYSIS_LABEL,Concurrency::details::VirtualProcessor::Deactivate
002F1670,ANALYSIS_LABEL,Concurrency::details::ListArray<Concurrency::details::VirtualProcessor>::DeleteElements
002F16AC,ANALYSIS_LABEL,Concurrency::details::VirtualProcessor::EnsureAllTasksVisible
002F16CD,ANALYSIS_LABEL,Concurrency::details::VirtualProcessor::ExerciseClaim
002F175C,ANALYSIS_LABEL,Concurrency::details::VirtualProcessor::ClaimTicket::ExerciseWith
002F1787,ANALYSIS_LABEL,Concurrency::details::VirtualProcessor::GetCurrentSubAllocator
002F17A0,ANALYSIS_LABEL,Concurrency::details::SchedulerBase::GetResourceMaskId
002F17C0,ANALYSIS_LABEL,Concurrency::details::VirtualProcessor::Initialize
002F1938,ANALYSIS_LABEL,Concurrency::details::ReferenceCountedQuickBitSet::InterlockedClear
002F1978,ANALYSIS_LABEL,Concurrency::details::ReferenceCountedQuickBitSet::InterlockedSet
002F19BE,ANALYSIS_LABEL,Concurrency::details::VirtualProcessor::MakeAvailable
002F1A2E,ANALYSIS_LABEL,Concurrency::details::VirtualProcessor::MarkForRetirement
002F1A8E,ANALYSIS_LABEL,Concurrency::details::VirtualProcessor::Oversubscribe
002F1AC0,ANALYSIS_LABEL,"Concurrency::details::StructuredWorkStealingQueue<Concurrency::details::InternalContextBase,Concurrency::details::_HyperNonReentrantLock>::Pop"
002F1B0E,ANALYSIS_LABEL,Concurrency::details::ListArray<Concurrency::details::VirtualProcessor>::Remove
002F1C10,ANALYSIS_LABEL,Concurrency::details::VirtualProcessor::Retire
002F1D70,ANALYSIS_LABEL,Concurrency::details::VirtualProcessor::SafePoint
002F1D84,ANALYSIS_LABEL,Concurrency::details::SchedulerBase::SaveRetiredVirtualProcessorStatistics
002F1DBE,ANALYSIS_LABEL,Concurrency::details::QuickBitSet::SpinUntilClear
002F1E08,ANALYSIS_LABEL,Concurrency::details::QuickBitSet::SpinUntilSet
002F1E52,ANALYSIS_LABEL,Concurrency::details::VirtualProcessor::StartupWorkerContext
002F1EF1,ANALYSIS_LABEL,Concurrency::details::VirtualProcessor::ThrowVirtualProcessorEvent
002F1F64,ANALYSIS_LABEL,DXCrackFVF::PvGetPosition
002F1F6E,ANALYSIS_LABEL,Concurrency::details::VirtualProcessor::TraceVirtualProcessorEvent
002F1F9B,ANALYSIS_LABEL,Concurrency::details::VirtualProcessor::UpdateWorkState
002F1FFB,ANALYSIS_LABEL,Concurrency::details::QuickBitSet::Wipe
002F2095,ANALYSIS_LABEL,Concurrency::details::ListArray<Concurrency::details::VirtualProcessor>::~ListArray<Concurrency::details::VirtualProcessor>
002F210C,ANALYSIS_LABEL,Concurrency::details::SchedulingNode::~SchedulingNode
002F2135,ANALYSIS_LABEL,Concurrency::details::ListArray<Concurrency::details::VirtualProcessor>::Add
002F2298,ANALYSIS_LABEL,Concurrency::details::SchedulingNode::AddVirtualProcessor
002F239F,ANALYSIS_LABEL,Concurrency::details::SchedulingNode::FindMatchingVirtualProcessor
002F23DE,ANALYSIS_LABEL,Concurrency::details::SchedulingNode::FindVirtualProcessorByLocation
002F243B,ANALYSIS_LABEL,Concurrency::details::SchedulingNode::FoundAvailableVirtualProcessor
002F24AB,ANALYSIS_LABEL,Concurrency::details::SchedulingNode::GetLocation
002F259F,ANALYSIS_LABEL,Concurrency::details::AllocatorBucket::AllocatorBucket
002F25B4,ANALYSIS_LABEL,Concurrency::details::AllocatorBucket::~AllocatorBucket
002F2608,ANALYSIS_LABEL,Concurrency::details::AllocatorBucket::Alloc
002F2621,ANALYSIS_LABEL,Concurrency::details::SubAllocator::Alloc
002F2671,ANALYSIS_LABEL,Concurrency::details::AllocatorBucket::Free
002F269B,ANALYSIS_LABEL,Concurrency::details::SubAllocator::Free
002F26D2,ANALYSIS_LABEL,Concurrency::details::SubAllocator::GetBucketIndex
002F2727,ANALYSIS_LABEL,Concurrency::details::SubAllocator::StaticAlloc
002F2760,ANALYSIS_LABEL,Concurrency::details::InternalContextBase::InternalContextBase
002F2845,ANALYSIS_LABEL,Concurrency::details::InternalContextBase::~InternalContextBase
002F28D3,ANALYSIS_LABEL,Concurrency::details::InternalContextBase::`scalar deleting destructor'
002F2A85,ANALYSIS_LABEL,Concurrency::details::InternalContextBase::Alloc
002F2C13,ANALYSIS_LABEL,Concurrency::details::InternalContextBase::Cancel
002F2C87,ANALYSIS_LABEL,Concurrency::details::InternalContextBase::Cleanup
002F2C9F,ANALYSIS_LABEL,Concurrency::details::InternalContextBase::CleanupDispatchedContextOnCancel
002F305A,ANALYSIS_LABEL,Concurrency::details::InternalContextBase::GetAndResetOversubscribedVProc
002F3097,ANALYSIS_LABEL,Concurrency::details::InternalContextBase::GetScheduler
002F30DE,ANALYSIS_LABEL,"Concurrency::details::StructuredWorkStealingQueue<Concurrency::details::_UnrealizedChore,Concurrency::details::_CriticalNonReentrantLock>::GrowAndPush"
002F3256,ANALYSIS_LABEL,Concurrency::details::InternalContextBase::IsSynchronouslyBlocked
002F3262,ANALYSIS_LABEL,Concurrency::details::InternalContextBase::IsVirtualProcessorRetired
002F32C0,ANALYSIS_LABEL,Concurrency::details::InternalContextBase::LeaveScheduler
002F344B,ANALYSIS_LABEL,Concurrency::details::InternalContextBase::PrepareForUse
002F34A4,ANALYSIS_LABEL,Concurrency::details::InternalContextBase::PrepareToRun
002F34BB,ANALYSIS_LABEL,"Concurrency::details::StructuredWorkStealingQueue<Concurrency::details::_UnrealizedChore,Concurrency::details::_CriticalNonReentrantLock>::Push"
002F34FC,ANALYSIS_LABEL,Concurrency::details::InternalContextBase::ReclaimVirtualProcessor
002F3566,ANALYSIS_LABEL,Concurrency::details::InternalContextBase::RejoinScheduler
002F3585,ANALYSIS_LABEL,Concurrency::details::InternalContextBase::RemoveFromUse
002F35A8,ANALYSIS_LABEL,Concurrency::details::VirtualProcessor::SearchForWork
002F35CF,ANALYSIS_LABEL,Concurrency::details::InternalContextBase::SetProxy
002F3604,ANALYSIS_LABEL,Concurrency::details::InternalContextBase::SpinUntilBlocked
002F3631,ANALYSIS_LABEL,Concurrency::details::SpinUntilValueEquals
002F371B,ANALYSIS_LABEL,Concurrency::details::InternalContextBase::SwapScheduleGroupSegment
002F3766,ANALYSIS_LABEL,Concurrency::details::InternalContextBase::SwitchOut
002F39BE,ANALYSIS_LABEL,Concurrency::details::InternalContextBase::Unblock
002F3A7D,ANALYSIS_LABEL,Concurrency::details::InternalContextBase::WaitForWork
002F3B79,ANALYSIS_LABEL,Concurrency::details::InternalContextBase::WorkWasFound
002F3D59,ANALYSIS_LABEL,Concurrency::details::ListArray<Concurrency::details::ScheduleGroupSegmentBase>::ListArray<Concurrency::details::ScheduleGroupSegmentBase>
002F3E52,ANALYSIS_LABEL,Concurrency::details::SchedulingRing::SchedulingRing
002F3EDB,ANALYSIS_LABEL,Concurrency::details::ListArray<Concurrency::details::ScheduleGroupSegmentBase>::~ListArray<Concurrency::details::ScheduleGroupSegmentBase>
002F3F52,ANALYSIS_LABEL,Concurrency::details::SchedulingRing::~SchedulingRing
002F3F6A,ANALYSIS_LABEL,Concurrency::details::SchedulingRing::Activate
002F3F9C,ANALYSIS_LABEL,Concurrency::details::ListArray<Concurrency::details::ScheduleGroupSegmentBase>::CheckForDeletionBridge
002F3FA8,ANALYSIS_LABEL,Concurrency::details::ListArray<Concurrency::details::ScheduleGroupSegmentBase>::DeleteElements
002F3FC9,ANALYSIS_LABEL,Concurrency::details::ListArray<Concurrency::details::ScheduleGroupSegmentBase>::Remove
002F40CB,ANALYSIS_LABEL,Concurrency::details::SchedulingRing::RemoveScheduleGroupSegment
002F40F4,ANALYSIS_LABEL,Concurrency::details::Mailbox<Concurrency::details::_UnrealizedChore>::Mailbox<Concurrency::details::_UnrealizedChore>
002F416B,ANALYSIS_LABEL,Concurrency::details::ScheduleGroupBase::ScheduleGroupBase
002F4284,ANALYSIS_LABEL,Concurrency::details::Mailbox<Concurrency::details::_UnrealizedChore>::Segment::Segment
002F42F0,ANALYSIS_LABEL,Concurrency::details::ListArray<Concurrency::details::ListArrayInlineLink<Concurrency::details::WorkQueue> >::~ListArray<Concurrency::details::ListArrayInlineLink<Concurrency::details::WorkQueue> >
002F436A,ANALYSIS_LABEL,Concurrency::details::ListArray<Concurrency::details::WorkQueue>::~ListArray<Concurrency::details::WorkQueue>
002F43E6,ANALYSIS_LABEL,Concurrency::details::Mailbox<Concurrency::details::_UnrealizedChore>::~Mailbox<Concurrency::details::_UnrealizedChore>
002F444C,ANALYSIS_LABEL,Concurrency::details::ScheduleGroupSegmentBase::~ScheduleGroupSegmentBase
002F449A,ANALYSIS_LABEL,Concurrency::details::QuickBitSet::operator=
002F44C4,ANALYSIS_LABEL,Concurrency::details::ScheduleGroupSegmentBase::`scalar deleting destructor'
002F44E9,ANALYSIS_LABEL,Concurrency::details::ListArray<Concurrency::details::ListArrayInlineLink<Concurrency::details::WorkQueue> >::Add
002F464B,ANALYSIS_LABEL,Concurrency::details::ListArray<Concurrency::details::ExternalStatistics>::Add
002F47AD,ANALYSIS_LABEL,Concurrency::details::ListArray<Concurrency::details::ScheduleGroupSegmentBase>::Add
002F4913,ANALYSIS_LABEL,Concurrency::details::ScheduleGroupSegmentBase::AddRunnableContext
002F4A1D,ANALYSIS_LABEL,Concurrency::details::ListArray<Concurrency::details::ListArrayInlineLink<Concurrency::details::WorkQueue> >::CheckForDeletionBridge
002F4A29,ANALYSIS_LABEL,Concurrency::details::SchedulerBase::ClearQuickCacheSlotIf
002F4A4E,ANALYSIS_LABEL,Concurrency::details::ScheduleGroupBase::CreateSegment
002F4AFD,ANALYSIS_LABEL,Concurrency::details::ListArray<Concurrency::details::ListArrayInlineLink<Concurrency::details::WorkQueue> >::DeleteElements
002F4B1E,ANALYSIS_LABEL,Concurrency::details::Mailbox<Concurrency::details::_UnrealizedChore>::DemandInitialize
002F4B94,ANALYSIS_LABEL,Concurrency::details::Mailbox<Concurrency::details::_UnrealizedChore>::Dequeue
002F4CA6,ANALYSIS_LABEL,Concurrency::details::ScheduleGroupSegmentBase::DetachActiveWorkQueue
002F4CE5,ANALYSIS_LABEL,"Concurrency::details::SafeSQueue<Concurrency::details::RealizedChore,Concurrency::details::_HyperNonReentrantLock>::Enqueue"
002F4D20,ANALYSIS_LABEL,Concurrency::details::ScheduleGroupBase::FindSegment
002F4D76,ANALYSIS_LABEL,Concurrency::details::ScheduleGroupSegmentBase::GetDetachedWorkQueue
002F4DDD,ANALYSIS_LABEL,Concurrency::details::ScheduleGroupSegmentBase::GetInternalContext
002F4E10,ANALYSIS_LABEL,Concurrency::details::ScheduleGroupSegmentBase::GetRealizedChore
002F4E20,ANALYSIS_LABEL,Concurrency::details::Mailbox<Concurrency::details::_UnrealizedChore>::Grow
002F4E6A,ANALYSIS_LABEL,Concurrency::details::ScheduleGroupSegmentBase::HasRealizedChores
002F4E7E,ANALYSIS_LABEL,Concurrency::details::Mailbox<Concurrency::details::_UnrealizedChore>::Initialize
002F4EA7,ANALYSIS_LABEL,Concurrency::details::ScheduleGroupBase::Initialize
002F4EBA,ANALYSIS_LABEL,Concurrency::details::ScheduleGroupSegmentBase::Initialize
002F4F3E,ANALYSIS_LABEL,Concurrency::details::WorkQueue::IsEmpty
002F4F54,ANALYSIS_LABEL,Concurrency::details::Mailbox<Concurrency::details::_UnrealizedChore>::LocateMailboxSegment
002F4F9E,ANALYSIS_LABEL,Concurrency::details::ScheduleGroupBase::LocateSegment
002F5081,ANALYSIS_LABEL,Concurrency::details::ScheduleGroupSegmentBase::LocateUnrealizedChores
002F50DA,ANALYSIS_LABEL,"Concurrency::details::WorkStealingQueue<Concurrency::details::_UnrealizedChore,Concurrency::details::_CriticalNonReentrantLock>::MarkDetachment"
002F510D,ANALYSIS_LABEL,Concurrency::details::ScheduleGroupSegmentBase::RedetachQueue
002F5126,ANALYSIS_LABEL,Concurrency::details::ScheduleGroupSegmentBase::ReleaseInternalContext
002F514C,ANALYSIS_LABEL,Concurrency::details::ListArray<Concurrency::details::ListArrayInlineLink<Concurrency::details::WorkQueue> >::Remove
002F5249,ANALYSIS_LABEL,Concurrency::details::ScheduleGroupSegmentBase::Remove
002F526C,ANALYSIS_LABEL,Concurrency::details::ScheduleGroupBase::RemoveSegments
002F52AB,ANALYSIS_LABEL,Concurrency::details::ScheduleGroupSegmentBase::RetireDetachedQueue
002F52D2,ANALYSIS_LABEL,Concurrency::details::ScheduleGroupSegmentBase::SafelyDeleteDetachedWorkQueue
002F5314,ANALYSIS_LABEL,Concurrency::details::ScheduleGroupBase::ScheduleTask
002F5343,ANALYSIS_LABEL,Concurrency::details::ScheduleGroupBase::ScheduleTask
002F536A,ANALYSIS_LABEL,Concurrency::details::ScheduleGroupSegmentBase::ScheduleTask
002F549E,ANALYSIS_LABEL,Concurrency::details::Mailbox<Concurrency::details::_UnrealizedChore>::Segment::SetDeletionReferences
002F54C4,ANALYSIS_LABEL,Concurrency::details::ScheduleGroupSegmentBase::StealUnrealizedChore
002F5675,ANALYSIS_LABEL,Concurrency::details::QuickBitSet::operator&
002F56D6,ANALYSIS_LABEL,Concurrency::details::Mailbox<Concurrency::details::_UnrealizedChore>::Enqueue
002F5765,ANALYSIS_LABEL,Concurrency::details::QuickBitSet::InterlockedSet
002F579D,ANALYSIS_LABEL,Concurrency::details::CacheLocalScheduleGroup::MailChore
002F57D4,ANALYSIS_LABEL,Concurrency::details::CacheLocalScheduleGroupSegment::MailChore
002F57EC,ANALYSIS_LABEL,Concurrency::details::CacheLocalScheduleGroupSegment::NotifyAffinitizedWork
002F581F,ANALYSIS_LABEL,Concurrency::details::SchedulerBase::PostAffinityMessage
002F585F,ANALYSIS_LABEL,Concurrency::details::SchedulerBase::SetQuickCacheSlot
002F5885,ANALYSIS_LABEL,Concurrency::details::FairScheduleGroup::FindSegment
002F58B6,ANALYSIS_LABEL,Concurrency::details::FairScheduleGroup::LocateSegment
002F5921,ANALYSIS_LABEL,Concurrency::details::ExternalContextBase::ExternalContextBase
002F59BA,ANALYSIS_LABEL,Concurrency::details::ExternalContextBase::~ExternalContextBase
002F5A01,ANALYSIS_LABEL,Concurrency::details::ExternalContextBase::`scalar deleting destructor'
002F5A26,ANALYSIS_LABEL,Concurrency::details::ExternalContextBase::Alloc
002F5A47,ANALYSIS_LABEL,Concurrency::details::ExternalContextBase::Block
002F5A90,ANALYSIS_LABEL,Concurrency::details::ExternalContextBase::Cleanup
002F5AE8,ANALYSIS_LABEL,Concurrency::details::ExternalContextBase::Free
002F5B0D,ANALYSIS_LABEL,Concurrency::details::ExternalContextBase::GetCurrentSubAllocator
002F5B2F,ANALYSIS_LABEL,Concurrency::details::ExternalContextBase::ImplicitDetachHandler
002F5B51,ANALYSIS_LABEL,Concurrency::details::ExternalContextBase::ImplicitDetachHandlerXP
002F5B74,ANALYSIS_LABEL,Concurrency::details::ExternalContextBase::IsSynchronouslyBlocked
002F5BB9,ANALYSIS_LABEL,Concurrency::details::ExternalContextBase::PrepareForUse
002F5C80,ANALYSIS_LABEL,Concurrency::details::ExternalContextBase::RemoveFromUse
002F5CA2,ANALYSIS_LABEL,Concurrency::details::ExternalContextBase::SpinYield
002F5CB9,ANALYSIS_LABEL,Concurrency::details::ExternalContextBase::Unblock
002F5D3B,ANALYSIS_LABEL,Concurrency::details::ExternalContextBase::Yield
002F5D6A,ANALYSIS_LABEL,Concurrency::details::ThreadInternalContext::ThreadInternalContext
002F5D92,ANALYSIS_LABEL,Concurrency::details::ThreadScheduler::ThreadScheduler
002F5DC5,ANALYSIS_LABEL,Concurrency::details::ThreadScheduler::~ThreadScheduler
002F5DE9,ANALYSIS_LABEL,Concurrency::details::ThreadInternalContext::`scalar deleting destructor'
002F5E1B,ANALYSIS_LABEL,Concurrency::details::ThreadScheduler::`scalar deleting destructor'
002F5E4C,ANALYSIS_LABEL,Concurrency::details::ThreadScheduler::Create
002F5E7F,ANALYSIS_LABEL,Concurrency::details::ThreadScheduler::CreateInternalContext
002F5EBD,ANALYSIS_LABEL,Concurrency::details::ThreadScheduler::CreateVirtualProcessor
002F5F4D,ANALYSIS_LABEL,Concurrency::details::UMSThreadScheduler::OneShotStaticConstruction
002F5F93,ANALYSIS_LABEL,Concurrency::details::UMSThreadScheduler::OneShotStaticDestruction
002F5FA7,ANALYSIS_LABEL,std::exception_ptr::exception_ptr
002F5FBF,ANALYSIS_LABEL,std::exception_ptr::_Current_exception
002F5FD9,ANALYSIS_LABEL,Concurrency::details::_TaskCollectionBase::_FinishCancelState
002F5FFF,ANALYSIS_LABEL,Concurrency::details::_TaskCollectionBase::_GetTokenState
002F6027,ANALYSIS_LABEL,Concurrency::details::_TaskCollectionBase::_MarkCancellation
002F604F,ANALYSIS_LABEL,Concurrency::details::_TaskCollectionBase::_RaisedException
002F60AD,ANALYSIS_LABEL,Concurrency::details::_TaskCollectionBase::_RethrowException
002F611E,ANALYSIS_LABEL,std::current_exception
002F612F,ANALYSIS_LABEL,std::rethrow_exception
002F6148,ANALYSIS_LABEL,"Concurrency::details::WorkStealingQueue<Concurrency::details::_UnrealizedChore,Concurrency::details::_CriticalNonReentrantLock>::WorkStealingQueue<Concurrency::details::_UnrealizedChore,Concurrency::details::_CriticalNonReentrantLock>"
002F61B1,ANALYSIS_LABEL,Concurrency::details::WorkQueue::WorkQueue
002F61FB,ANALYSIS_LABEL,Concurrency::details::Mailbox<Concurrency::details::_UnrealizedChore>::Slot::DeferToAffineSearchers
002F6251,ANALYSIS_LABEL,Concurrency::details::WorkQueue::RedetachFromScheduleGroupAtSafePoint
002F6275,ANALYSIS_LABEL,Concurrency::details::WorkQueue::Reinitialize
002F62AF,ANALYSIS_LABEL,Concurrency::details::WorkQueue::RetireAtSafePoint
002F62F5,ANALYSIS_LABEL,Concurrency::details::WorkQueue::Steal
002F6338,ANALYSIS_LABEL,"Concurrency::details::WorkStealingQueue<Concurrency::details::_UnrealizedChore,Concurrency::details::_CriticalNonReentrantLock>::Sweep"
002F63EA,ANALYSIS_LABEL,Concurrency::details::WorkQueue::SweepUnstructured
002F63F6,ANALYSIS_LABEL,Concurrency::details::WorkQueue::TryToSteal
002F645C,ANALYSIS_LABEL,"Concurrency::details::StructuredWorkStealingQueue<Concurrency::details::_UnrealizedChore,Concurrency::details::_CriticalNonReentrantLock>::UnlockedSteal"
002F64DA,ANALYSIS_LABEL,"Concurrency::details::WorkStealingQueue<Concurrency::details::_UnrealizedChore,Concurrency::details::_CriticalNonReentrantLock>::UnlockedSteal"
002F6568,ANALYSIS_LABEL,Concurrency::details::WorkQueue::UnlockedSteal
002F662B,ANALYSIS_LABEL,Concurrency::details::_UnrealizedChore::_CancelViaToken
002F6652,ANALYSIS_LABEL,Concurrency::details::_UnrealizedChore::_InternalFree
002F666F,ANALYSIS_LABEL,Concurrency::details::_UnrealizedChore::_PrepareSteal
002F6687,ANALYSIS_LABEL,Concurrency::details::_UnrealizedChore::_PrepareStealStructured
002F66BF,ANALYSIS_LABEL,Concurrency::details::_UnrealizedChore::_PrepareStealUnstructured
002F672B,ANALYSIS_LABEL,Concurrency::details::_UnrealizedChore::_SetDetached
002F6738,ANALYSIS_LABEL,Concurrency::details::_UnrealizedChore::_StructuredChoreWrapper
002F67E2,ANALYSIS_LABEL,__catch$?_StructuredChoreWrapper@_UnrealizedChore@details@Concurrency@@CAXPAV123@@Z$0
002F67FF,ANALYSIS_LABEL,$LN25
002F6812,ANALYSIS_LABEL,__catch$?_StructuredChoreWrapper@_UnrealizedChore@details@Concurrency@@CAXPAV123@@Z$1
002F6882,ANALYSIS_LABEL,Concurrency::details::VirtualProcessorRoot::VirtualProcessorRoot
002F68CE,ANALYSIS_LABEL,Concurrency::details::VirtualProcessorRoot::`scalar deleting destructor'
002F6914,ANALYSIS_LABEL,Concurrency::details::VirtualProcessorRoot::Remove
002F696E,ANALYSIS_LABEL,Concurrency::details::VirtualProcessorRoot::ResetSubscriptionLevel
002F6986,ANALYSIS_LABEL,Concurrency::details::VirtualProcessorRoot::Subscribe
002F6993,ANALYSIS_LABEL,Concurrency::details::VirtualProcessorRoot::Unsubscribe
002F69A0,ANALYSIS_LABEL,Concurrency::details::FreeVirtualProcessorRoot::FreeVirtualProcessorRoot
002F69D5,ANALYSIS_LABEL,Concurrency::details::HardwareAffinity::operator==
002F69F6,ANALYSIS_LABEL,Concurrency::details::FreeVirtualProcessorRoot::`scalar deleting destructor'
002F6A20,ANALYSIS_LABEL,Concurrency::details::VirtualProcessorRoot::AcquireActivatedContext
002F6A51,ANALYSIS_LABEL,Concurrency::details::FreeVirtualProcessorRoot::Activate
002F6B13,ANALYSIS_LABEL,Concurrency::details::FreeVirtualProcessorRoot::Affinitize
002F6B7B,ANALYSIS_LABEL,Concurrency::details::FreeVirtualProcessorRoot::Deactivate
002F6C1F,ANALYSIS_LABEL,Concurrency::details::FreeVirtualProcessorRoot::DeleteThis
002F6C6C,ANALYSIS_LABEL,Concurrency::details::FreeVirtualProcessorRoot::EnsureAllTasksVisible
002F6CED,ANALYSIS_LABEL,Concurrency::details::FreeVirtualProcessorRoot::ResetOnIdle
002F6D58,ANALYSIS_LABEL,Concurrency::details::FreeThreadProxy::SetAffinity
002F6D8E,ANALYSIS_LABEL,Concurrency::details::FreeVirtualProcessorRoot::SpinUntilIdle
002F6DBE,ANALYSIS_LABEL,Concurrency::details::FreeThreadProxy::AssociateExecutionContext
002F6DE0,ANALYSIS_LABEL,Concurrency::details::FreeThreadProxy::Dispatch
002F6E81,ANALYSIS_LABEL,Concurrency::details::FreeThreadProxy::ReturnIdleProxy
002F6E9E,ANALYSIS_LABEL,Concurrency::details::FreeThreadProxy::SwitchOut
002F6EF5,ANALYSIS_LABEL,Concurrency::details::FreeThreadProxy::SwitchTo
002F6FAA,ANALYSIS_LABEL,Concurrency::details::ThreadProxy::ThreadProxy
002F709A,ANALYSIS_LABEL,Concurrency::details::ThreadProxy::~ThreadProxy
002F70FC,ANALYSIS_LABEL,Concurrency::details::ThreadProxy::`scalar deleting destructor'
002F711E,ANALYSIS_LABEL,Concurrency::details::ThreadProxy::Cancel
002F7133,ANALYSIS_LABEL,Concurrency::details::ThreadProxy::ResumeExecution
002F713D,ANALYSIS_LABEL,Concurrency::details::ThreadProxy::SetPriority
002F7155,ANALYSIS_LABEL,Concurrency::details::ThreadProxy::SpinUntilBlocked
002F7182,ANALYSIS_LABEL,Concurrency::details::ThreadProxy::SuspendExecution
002F719E,ANALYSIS_LABEL,Concurrency::details::ThreadProxy::ThreadProxyMain
002F71EC,ANALYSIS_LABEL,Concurrency::location::location
002F7211,ANALYSIS_LABEL,Concurrency::details::SchedulingNode::ContainsResourceId
002F723C,ANALYSIS_LABEL,Concurrency::location::_FastNodeIntersects
002F7287,ANALYSIS_LABEL,Concurrency::location::_FastVPIntersects
002F72D3,ANALYSIS_LABEL,Concurrency::details::WorkItem::WorkItem
002F72F9,ANALYSIS_LABEL,Concurrency::details::SchedulerBase::AcquireQuickCacheSlot
002F7317,ANALYSIS_LABEL,Concurrency::details::SchedulerBase::ActualGetQuickCacheSlot
002F734A,ANALYSIS_LABEL,Concurrency::details::WorkItem::Bind
002F7397,ANALYSIS_LABEL,Concurrency::details::WorkItem::BindTo
002F73D1,ANALYSIS_LABEL,Concurrency::details::WorkSearchContext::CheckPriorityList
002F7409,ANALYSIS_LABEL,Concurrency::details::WorkSearchContext::GetLocalRunnable
002F74A2,ANALYSIS_LABEL,Concurrency::details::SchedulerBase::GetNextSchedulingNode
002F74F1,ANALYSIS_LABEL,Concurrency::details::SchedulingRing::GetPseudoRRAffineScheduleGroupSegment
002F752C,ANALYSIS_LABEL,Concurrency::details::SchedulingRing::GetPseudoRRNonAffineScheduleGroupSegment
002F756A,ANALYSIS_LABEL,Concurrency::details::WorkSearchContext::GetRealizedChore
002F75BC,ANALYSIS_LABEL,Concurrency::details::WorkSearchContext::GetRealizedChoreWithinGroup
002F763D,ANALYSIS_LABEL,Concurrency::details::WorkSearchContext::GetRunnableContext
002F767B,ANALYSIS_LABEL,Concurrency::details::WorkSearchContext::GetRunnableContextWithinGroup
002F76F6,ANALYSIS_LABEL,Concurrency::details::WorkSearchContext::GetUnrealizedChore
002F774B,ANALYSIS_LABEL,Concurrency::details::WorkSearchContext::GetUnrealizedChoreWithinGroup
002F77DB,ANALYSIS_LABEL,Concurrency::details::WorkItem::Invoke
002F781D,ANALYSIS_LABEL,Concurrency::details::SchedulerBase::PeriodicScan
002F7858,ANALYSIS_LABEL,Concurrency::details::WorkSearchContext::PreSearch
002F7895,ANALYSIS_LABEL,Concurrency::details::WorkSearchContext::QuickSearch
002F7902,ANALYSIS_LABEL,Concurrency::details::WorkSearchContext::QuickSearchYield
002F7970,ANALYSIS_LABEL,Concurrency::details::WorkSearchContext::Reset
002F79CA,ANALYSIS_LABEL,Concurrency::details::WorkItem::ResolveToken
002F7A4A,ANALYSIS_LABEL,Concurrency::details::WorkSearchContext::SearchCacheLocal
002F7D16,ANALYSIS_LABEL,Concurrency::details::WorkSearchContext::SearchCacheLocalYield
002F7F99,ANALYSIS_LABEL,Concurrency::details::WorkSearchContext::SearchCacheLocal_Realized
002F8096,ANALYSIS_LABEL,Concurrency::details::WorkSearchContext::SearchCacheLocal_Runnables
002F81A1,ANALYSIS_LABEL,Concurrency::details::WorkSearchContext::SearchCacheLocal_Unrealized
002F82A1,ANALYSIS_LABEL,Concurrency::details::WorkSearchContext::SearchFair
002F83B6,ANALYSIS_LABEL,Concurrency::details::WorkSearchContext::SearchFairYield
002F84C6,ANALYSIS_LABEL,Concurrency::details::WorkSearchContext::SearchFair_Realized
002F855C,ANALYSIS_LABEL,Concurrency::details::WorkSearchContext::SearchFair_Runnables
002F85DE,ANALYSIS_LABEL,Concurrency::details::WorkSearchContext::SearchFair_Unrealized
002F8678,ANALYSIS_LABEL,Concurrency::details::ScheduleGroupSegmentBase::ServiceMark
002F869E,ANALYSIS_LABEL,Concurrency::details::VirtualProcessor::ServiceMark
002F86C4,ANALYSIS_LABEL,Concurrency::details::WorkSearchContext::SkipSegmentSearch
002F8750,ANALYSIS_LABEL,Concurrency::details::WorkSearchContext::StealForeignLocalRunnable
002F8794,ANALYSIS_LABEL,Concurrency::details::WorkSearchContext::StealLocalRunnable
002F8805,ANALYSIS_LABEL,Concurrency::details::VirtualProcessor::StealLocalRunnableContext
002F881C,ANALYSIS_LABEL,Concurrency::details::WorkItem::TransferReferences
002F8871,ANALYSIS_LABEL,Concurrency::details::RealizedChore::Invoke
002F8884,ANALYSIS_LABEL,Concurrency::details::ThreadVirtualProcessor::ThreadVirtualProcessor
002F88BB,ANALYSIS_LABEL,Concurrency::details::ThreadVirtualProcessor::`scalar deleting destructor'
002F88E6,ANALYSIS_LABEL,___std_exception_copy
002F8949,ANALYSIS_LABEL,___std_exception_destroy
002F8970,ANALYSIS_LABEL,_memmove
002F8EE4,ANALYSIS_LABEL,_free
002F8EF2,ANALYSIS_LABEL,___std_type_info_compare
002F8F2E,ANALYSIS_LABEL,___std_type_info_hash
002F905C,ANALYSIS_LABEL,___DestructExceptionObject
002F92CC,ANALYSIS_LABEL,__catch$?CallUnexpected@@YAXPBU_s_ESTypeList@@@Z$0
002F9909,ANALYSIS_LABEL,_CallMemberFunction1
002F9910,ANALYSIS_LABEL,___AdjustPointer
002F9935,ANALYSIS_LABEL,___BuildCatchObject
002F99C4,ANALYSIS_LABEL,___BuildCatchObjectHelper
002F9AF2,ANALYSIS_LABEL,___FrameUnwindFilter
002F9B37,ANALYSIS_LABEL,___FrameUnwindToState
002F9BFF,ANALYSIS_LABEL,__InternalCxxFrameHandler<__FrameHandler3>
002F9CFB,ANALYSIS_LABEL,TypeMatchHelper<__FrameHandler3>
002F9D89,ANALYSIS_LABEL,___current_exception
002F9D92,ANALYSIS_LABEL,___processing_throw
002F9D9B,ANALYSIS_LABEL,___std_terminate
002F9DA0,ANALYSIS_LABEL,___uncaught_exception
002FA1EB,ANALYSIS_LABEL,std::__non_rtti_object::__construct_from_string_literal
002FA207,ANALYSIS_LABEL,std::bad_cast::__construct_from_string_literal
002FA223,ANALYSIS_LABEL,std::bad_typeid::__construct_from_string_literal
002FA23F,ANALYSIS_LABEL,___RTDynamicCast
002FA321,ANALYSIS_LABEL,___RTtypeid
002FA3A3,ANALYSIS_LABEL,_CallCatchBlock2
002FA403,ANALYSIS_LABEL,_CallSETranslator
002FA4B2,ANALYSIS_LABEL,$ExceptionContinuation$6
002FA4E0,ANALYSIS_LABEL,_GetRangeOfTrysToCheck
002FA558,ANALYSIS_LABEL,_JumpToContinuation
002FA58A,ANALYSIS_LABEL,_UnwindNestedFrames
002FA5B4,ANALYSIS_LABEL,$ReturnPoint$3
002FA5DF,ANALYSIS_LABEL,__CatchGuardHandler
002FA610,ANALYSIS_LABEL,__CreateFrameInfo
002FA634,ANALYSIS_LABEL,__FindAndUnlinkFrame
002FA67E,ANALYSIS_LABEL,__IsExceptionObjectToBeDestroyed
002FA6A4,ANALYSIS_LABEL,__TranslatorGuardHandler
002FA743,ANALYSIS_LABEL,___CxxFrameHandler3
002FA779,ANALYSIS_LABEL,__CxxLongjmpUnwind
002FA7A0,ANALYSIS_LABEL,_memcpy
002FAD20,ANALYSIS_LABEL,_memset
002FAE7A,ANALYSIS_LABEL,_longjmp
002FAE90,ANALYSIS_LABEL,__setjmp3
002FAF0B,ANALYSIS_LABEL,$$$00002
002FAF10,ANALYSIS_LABEL,_strstr
002FB173,ANALYSIS_LABEL,_wcsstr
002FB400,ANALYSIS_LABEL,_strchr
002FB433,ANALYSIS_LABEL,strchr_sse_loop
002FB457,ANALYSIS_LABEL,strchr_sse_break
002FB468,ANALYSIS_LABEL,strchr_no_sse2
002FB46E,ANALYSIS_LABEL,___from_strstr_to_strchr
002FB480,ANALYSIS_LABEL,str_misaligned
002FB495,ANALYSIS_LABEL,main_loop_start
002FB4A0,ANALYSIS_LABEL,main_loop
002FB4DC,ANALYSIS_LABEL,retnull
002FB4DE,ANALYSIS_LABEL,retnull_bx
002FB4E2,ANALYSIS_LABEL,found_bx
002FB4E7,ANALYSIS_LABEL,chr_is_found
002FB50F,ANALYSIS_LABEL,byte_3
002FB516,ANALYSIS_LABEL,byte_2
002FB51D,ANALYSIS_LABEL,byte_1
002FB524,ANALYSIS_LABEL,byte_0
002FB530,ANALYSIS_LABEL,_memchr
002FB54B,ANALYSIS_LABEL,str_misaligned
002FB561,ANALYSIS_LABEL,main_loop_start
002FB577,ANALYSIS_LABEL,return_from_main
002FB578,ANALYSIS_LABEL,tail_less_then_4
002FB57D,ANALYSIS_LABEL,tail_loop
002FB58B,ANALYSIS_LABEL,retnull
002FB58D,ANALYSIS_LABEL,main_loop
002FB592,ANALYSIS_LABEL,main_loop_entry
002FB5AD,ANALYSIS_LABEL,char_is_found
002FB5C5,ANALYSIS_LABEL,byte_3
002FB5C6,ANALYSIS_LABEL,found
002FB5CB,ANALYSIS_LABEL,byte_2
002FB5D1,ANALYSIS_LABEL,byte_1
002FB5D7,ANALYSIS_LABEL,byte_0
002FB5DD,ANALYSIS_LABEL,_CxxThrowException
002FB650,ANALYSIS_LABEL,_strrchr
002FB787,ANALYSIS_LABEL,_memcmp
002FBC83,ANALYSIS_LABEL,$LN85
002FBD1A,ANALYSIS_LABEL,$LN86
002FBDB1,ANALYSIS_LABEL,$LN88
002FBE48,ANALYSIS_LABEL,$LN90
002FBEDF,ANALYSIS_LABEL,$LN92
002FBF77,ANALYSIS_LABEL,$LN94
002FC00E,ANALYSIS_LABEL,$LN96
002FC091,ANALYSIS_LABEL,$LN75
002FC09B,ANALYSIS_LABEL,$LN100
002FC122,ANALYSIS_LABEL,$LN101
002FC1B9,ANALYSIS_LABEL,$LN103
002FC250,ANALYSIS_LABEL,$LN105
002FC2E7,ANALYSIS_LABEL,$LN107
002FC37E,ANALYSIS_LABEL,$LN109
002FC416,ANALYSIS_LABEL,$LN111
002FC4AD,ANALYSIS_LABEL,$LN113
002FC4D0,ANALYSIS_LABEL,$LN115
002FC567,ANALYSIS_LABEL,$LN116
002FC5FE,ANALYSIS_LABEL,$LN118
002FC695,ANALYSIS_LABEL,$LN120
002FC72C,ANALYSIS_LABEL,$LN122
002FC7C3,ANALYSIS_LABEL,$LN124
002FC85B,ANALYSIS_LABEL,$LN126
002FC8F2,ANALYSIS_LABEL,$LN128
002FC905,ANALYSIS_LABEL,$LN130
002FC99D,ANALYSIS_LABEL,$LN131
002FCA34,ANALYSIS_LABEL,$LN133
002FCACB,ANALYSIS_LABEL,$LN135
002FCB62,ANALYSIS_LABEL,$LN137
002FCBFA,ANALYSIS_LABEL,$LN139
002FCC91,ANALYSIS_LABEL,$LN141
002FCD28,ANALYSIS_LABEL,$LN143
002FCE87,ANALYSIS_LABEL,$LN1281
002FCF07,ANALYSIS_LABEL,__crt_fast_encode_pointer<void *>
002FD047,ANALYSIS_LABEL,___vcrt_FlsAlloc
002FD081,ANALYSIS_LABEL,___vcrt_FlsFree
002FD0BB,ANALYSIS_LABEL,___vcrt_FlsGetValue
002FD0F5,ANALYSIS_LABEL,___vcrt_FlsSetValue
002FD132,ANALYSIS_LABEL,___vcrt_InitializeCriticalSectionEx
002FD178,ANALYSIS_LABEL,___vcrt_initialize_winapi_thunks
002FD1B2,ANALYSIS_LABEL,___vcrt_uninitialize_winapi_thunks
002FD230,ANALYSIS_LABEL,__except_handler4
002FD396,ANALYSIS_LABEL,___vcrt_initialize
002FD3A0,ANALYSIS_LABEL,___vcrt_initialize
002FD3BF,ANALYSIS_LABEL,___vcrt_uninitialize
002FD3DE,ANALYSIS_LABEL,DName::DName
002FD497,ANALYSIS_LABEL,DName::DName
002FD4E4,ANALYSIS_LABEL,DName::DName
002FD51E,ANALYSIS_LABEL,DName::DName
002FD561,ANALYSIS_LABEL,DName::DName
002FD5F6,ANALYSIS_LABEL,DName::DName
002FD665,ANALYSIS_LABEL,UnDecorator::UnDecorator
002FD6CE,ANALYSIS_LABEL,pDNameNode::pDNameNode
002FD6F6,ANALYSIS_LABEL,pcharNode::pcharNode
002FD74F,ANALYSIS_LABEL,DName::DName
002FD77B,ANALYSIS_LABEL,DName::operator=
002FD7AD,ANALYSIS_LABEL,DName::operator=
002FD7E2,ANALYSIS_LABEL,Replicator::operator[]
002FD81E,ANALYSIS_LABEL,UnDecorator::operator char *
002FD997,ANALYSIS_LABEL,operator+
002FD9BB,ANALYSIS_LABEL,operator+
002FD9DF,ANALYSIS_LABEL,operator+
002FDA03,ANALYSIS_LABEL,DName::operator+
002FDA25,ANALYSIS_LABEL,DName::operator+
002FDA47,ANALYSIS_LABEL,DName::operator+
002FDA69,ANALYSIS_LABEL,DName::operator+
002FDA8B,ANALYSIS_LABEL,DName::operator+=
002FDACE,ANALYSIS_LABEL,DName::operator+=
002FDB1E,ANALYSIS_LABEL,DName::operator+=
002FDB7F,ANALYSIS_LABEL,DName::operator+=
002FDBBF,ANALYSIS_LABEL,Replicator::operator+=
002FDC09,ANALYSIS_LABEL,DName::operator|=
002FDC25,ANALYSIS_LABEL,_HeapManager::Destructor
002FDC5E,ANALYSIS_LABEL,UnDecorator::UScore
002FDC7B,ANALYSIS_LABEL,DName::append
002FDCC1,ANALYSIS_LABEL,UnDecorator::composeDeclaration
002FE9BD,ANALYSIS_LABEL,DName::doPchar
002FEA47,ANALYSIS_LABEL,UnDecorator::getArgumentList
002FEB53,ANALYSIS_LABEL,UnDecorator::getArgumentTypes
002FEC33,ANALYSIS_LABEL,UnDecorator::getArrayType
002FEE35,ANALYSIS_LABEL,UnDecorator::getBasedType
002FEECE,ANALYSIS_LABEL,UnDecorator::getBasicDataType
002FF2BD,ANALYSIS_LABEL,UnDecorator::getCallingConvention
002FF37C,ANALYSIS_LABEL,UnDecorator::getDataIndirectType
002FF99F,ANALYSIS_LABEL,UnDecorator::getDataIndirectType
002FF9D8,ANALYSIS_LABEL,UnDecorator::getDataType
002FFAAA,ANALYSIS_LABEL,UnDecorator::getDecoratedName
002FFCF6,ANALYSIS_LABEL,UnDecorator::getDimension
002FFE2D,ANALYSIS_LABEL,UnDecorator::getDispatchTarget
002FFE88,ANALYSIS_LABEL,UnDecorator::getECSUDataType
002FFFA7,ANALYSIS_LABEL,UnDecorator::getEnumType
002FFFDD,ANALYSIS_LABEL,$LN8
002FFFE4,ANALYSIS_LABEL,$LN9
002FFFEB,ANALYSIS_LABEL,$LN11
002FFFF2,ANALYSIS_LABEL,$LN12
002FFFFF,ANALYSIS_LABEL,$LN2
00300073,ANALYSIS_LABEL,$LN27
00300093,ANALYSIS_LABEL,UnDecorator::getExtendedDataIndirectType
0030023C,ANALYSIS_LABEL,UnDecorator::getExternalDataType
003002B5,ANALYSIS_LABEL,UnDecorator::getFunctionIndirectType
003006BE,ANALYSIS_LABEL,DName::getLastChar
003006DD,ANALYSIS_LABEL,DNameStatusNode::getLastChar
003006ED,ANALYSIS_LABEL,pDNameNode::getLastChar
003006FB,ANALYSIS_LABEL,pairNode::getLastChar
0030072E,ANALYSIS_LABEL,pcharNode::getLastChar
00300740,ANALYSIS_LABEL,UnDecorator::getLexicalFrame
0030077D,ANALYSIS_LABEL,_HeapManager::getMemory
0030080B,ANALYSIS_LABEL,UnDecorator::getNumberOfDimensions
0030086C,ANALYSIS_LABEL,UnDecorator::getOperatorName
00300E96,ANALYSIS_LABEL,UnDecorator::getPrimaryDataType
0030108A,ANALYSIS_LABEL,UnDecorator::getPtrRefDataType
0030118C,ANALYSIS_LABEL,UnDecorator::getPtrRefType
00301288,ANALYSIS_LABEL,UnDecorator::getRestrictionSpec
0030137A,ANALYSIS_LABEL,UnDecorator::getReturnType
003013A9,ANALYSIS_LABEL,UnDecorator::getScope
00301787,ANALYSIS_LABEL,UnDecorator::getScopedName
00301882,ANALYSIS_LABEL,UnDecorator::getSignedDimension
003018D5,ANALYSIS_LABEL,DName::getString
00301901,ANALYSIS_LABEL,DName::getString
00301957,ANALYSIS_LABEL,DNameStatusNode::getString
0030197E,ANALYSIS_LABEL,charNode::getString
00301993,ANALYSIS_LABEL,pDNameNode::getString
003019AA,ANALYSIS_LABEL,pairNode::getString
003019EE,ANALYSIS_LABEL,pcharNode::getString
00301A09,ANALYSIS_LABEL,UnDecorator::getStringEncoding
00301AAC,ANALYSIS_LABEL,getStringHelper
00301AE3,ANALYSIS_LABEL,UnDecorator::getSymbolName
00301B2B,ANALYSIS_LABEL,UnDecorator::getTemplateArgumentList
00301DCF,ANALYSIS_LABEL,UnDecorator::getTemplateConstant
00302113,ANALYSIS_LABEL,UnDecorator::getTemplateName
00302269,ANALYSIS_LABEL,UnDecorator::getThisType
003022A3,ANALYSIS_LABEL,UnDecorator::getThrowTypes
0030232D,ANALYSIS_LABEL,UnDecorator::getTypeEncoding
003025D1,ANALYSIS_LABEL,$LN63
003025D8,ANALYSIS_LABEL,$LN64
003025DF,ANALYSIS_LABEL,$LN65
003025E3,ANALYSIS_LABEL,$LN66
003025E7,ANALYSIS_LABEL,$LN67
003025EF,ANALYSIS_LABEL,$LN68
003025F6,ANALYSIS_LABEL,$LN69
003025FE,ANALYSIS_LABEL,$LN70
00302606,ANALYSIS_LABEL,$LN71
00302639,ANALYSIS_LABEL,$LN129
0030265D,ANALYSIS_LABEL,UnDecorator::getVCallThunkType
00302698,ANALYSIS_LABEL,UnDecorator::getVdispMapType
003026EE,ANALYSIS_LABEL,UnDecorator::getVfTableType
00302853,ANALYSIS_LABEL,UnDecorator::getZName
00302A93,ANALYSIS_LABEL,DName::length
00302AB5,ANALYSIS_LABEL,pDNameNode::length
00302AC3,ANALYSIS_LABEL,pairNode::length
00302B0D,ANALYSIS_LABEL,DNameStatusNode::make
00302BC4,ANALYSIS_LABEL,___unDName
00302C59,ANALYSIS_LABEL,___vcrt_initialize_pure_virtual_call_handler
00302C76,ANALYSIS_LABEL,_unexpected
00302C92,ANALYSIS_LABEL,__vcrt_freefls
00302CAE,ANALYSIS_LABEL,___vcrt_getptd
00302CBC,ANALYSIS_LABEL,___vcrt_getptd_noexit
00302D4E,ANALYSIS_LABEL,___vcrt_initialize_ptd
00302D81,ANALYSIS_LABEL,___vcrt_uninitialize_ptd
00302DA0,ANALYSIS_LABEL,_CallSettingFrame
00302DC7,ANALYSIS_LABEL,__NLG_Return
00302DDF,ANALYSIS_LABEL,_NLG_Continue
00302DF0,ANALYSIS_LABEL,___longjmp_internal
00302E3E,ANALYSIS_LABEL,_lj_return
00302EB0,ANALYSIS_LABEL,__global_unwind2
00302EC8,ANALYSIS_LABEL,_gu_return
00302ED0,ANALYSIS_LABEL,__unwind_handler
00302F15,ANALYSIS_LABEL,__local_unwind2
00302F99,ANALYSIS_LABEL,__abnormal_termination
00302FBC,ANALYSIS_LABEL,__NLG_Notify1
00302FC5,ANALYSIS_LABEL,__NLG_Notify
00302FD0,ANALYSIS_LABEL,__NLG_Go
00302FDC,ANALYSIS_LABEL,__NLG_Dispatch
00302FE4,ANALYSIS_LABEL,__NLG_Call
00302FE6,ANALYSIS_LABEL,__NLG_Return2
00302FF0,ANALYSIS_LABEL,__local_unwind4
00303080,ANALYSIS_LABEL,__unwind_handler4
003030C6,ANALYSIS_LABEL,_seh_longjmp_unwind4
003030EE,ANALYSIS_LABEL,_EH4_CallFilterFunc
00303105,ANALYSIS_LABEL,_EH4_TransferToHandler
0030311E,ANALYSIS_LABEL,_EH4_GlobalUnwind2
00303132,ANALYSIS_LABEL,ReturnPoint
00303137,ANALYSIS_LABEL,_EH4_LocalUnwind
0030314E,ANALYSIS_LABEL,___vcrt_initialize_locks
0030318A,ANALYSIS_LABEL,___vcrt_lock
0030319F,ANALYSIS_LABEL,___vcrt_uninitialize_locks
003031CE,ANALYSIS_LABEL,___vcrt_unlock
003031E3,ANALYSIS_LABEL,_rt_probe_read4
003038AD,ANALYSIS_LABEL,_setlocale
00303A0A,ANALYSIS_LABEL,__controlfp_s
00303ADF,ANALYSIS_LABEL,_fclose
00304749,ANALYSIS_LABEL,"__crt_unique_heap_ptr<wchar_t,__crt_internal_free_policy>::operator="
003061CC,ANALYSIS_LABEL,___stdio_common_vsprintf
00306738,ANALYSIS_LABEL,_terminate
00306940,ANALYSIS_LABEL,_fread
00306D2B,ANALYSIS_LABEL,__fseeki64
00306D46,ANALYSIS_LABEL,_fseek
00306F5C,ANALYSIS_LABEL,__invalid_parameter_noinfo
00306FBC,ANALYSIS_LABEL,_malloc
0030A691,ANALYSIS_LABEL,_strtod
0030A6A8,ANALYSIS_LABEL,_strtof
0030B9BD,ANALYSIS_LABEL,_tolower
0030BAE5,ANALYSIS_LABEL,___acrt_iob_func
0030BB41,ANALYSIS_LABEL,__get_stream_buffer_pointers
0030BDEB,ANALYSIS_LABEL,_isalnum
0030BE1A,ANALYSIS_LABEL,_isalpha
0030BE49,ANALYSIS_LABEL,_iscntrl
0030BE76,ANALYSIS_LABEL,_isdigit
0030BEA3,ANALYSIS_LABEL,_islower
0030BEFF,ANALYSIS_LABEL,_ispunct
0030BF2C,ANALYSIS_LABEL,_isspace
0030BF59,ANALYSIS_LABEL,_isupper
0030BF86,ANALYSIS_LABEL,_isxdigit
0030C143,ANALYSIS_LABEL,_fflush
0030C25D,ANALYSIS_LABEL,_fopen
0030C4F3,ANALYSIS_LABEL,_fwrite
0030C5C4,ANALYSIS_LABEL,__errno
0030C5D7,ANALYSIS_LABEL,_abort
0030F99B,ANALYSIS_LABEL,__CIacos
0030F9AF,ANALYSIS_LABEL,_acos
0030FAB0,ANALYSIS_LABEL,__CIpow
0030FD7B,ANALYSIS_LABEL,__CIasin
0030FD8F,ANALYSIS_LABEL,_asin
0030FF8C,ANALYSIS_LABEL,_setvbuf
00310148,ANALYSIS_LABEL,_localeconv
003103B2,ANALYSIS_LABEL,__FDtest
003103FE,ANALYSIS_LABEL,_strcpy_s
003105AC,ANALYSIS_LABEL,__beginthreadex
003107CB,ANALYSIS_LABEL,___scrt_is_managed_app
003110C0,ANALYSIS_LABEL,_atol
003122EA,ANALYSIS_LABEL,_calloc
00312347,ANALYSIS_LABEL,_free
00312381,ANALYSIS_LABEL,_calloc
00312559,ANALYSIS_LABEL,__lock_locales
0031256B,ANALYSIS_LABEL,___pctype_func
00312591,ANALYSIS_LABEL,__wcsdup
003125F2,ANALYSIS_LABEL,____lc_codepage_func
00312619,ANALYSIS_LABEL,____lc_collate_cp_func
00312640,ANALYSIS_LABEL,____lc_locale_name_func
00312669,ANALYSIS_LABEL,____mb_cur_max_func
00312A6A,ANALYSIS_LABEL,_fgetc
00312B6C,ANALYSIS_LABEL,_fgetpos
00312BC7,ANALYSIS_LABEL,_fsetpos
00312CF1,ANALYSIS_LABEL,_ungetc
00312D61,ANALYSIS_LABEL,__malloc_base
00312DAF,ANALYSIS_LABEL,__realloc_base
00312E20,ANALYSIS_LABEL,_strcspn
00312F62,ANALYSIS_LABEL,_ldexp
00313149,ANALYSIS_LABEL,___strncnt
003131BE,ANALYSIS_LABEL,__ismbblead
003131D6,ANALYSIS_LABEL,__Getdays
003132E7,ANALYSIS_LABEL,__Getmonths
0031340B,ANALYSIS_LABEL,__Strftime
0031470D,ANALYSIS_LABEL,__W_Getdays
0031486E,ANALYSIS_LABEL,__W_Getmonths
003153F9,ANALYSIS_LABEL,_wcsnlen
0031629F,ANALYSIS_LABEL,__crt_atexit
003162D2,ANALYSIS_LABEL,__initialize_onexit_table
0031630F,ANALYSIS_LABEL,__register_onexit_function
00316424,ANALYSIS_LABEL,___acrt_initialize
00316436,ANALYSIS_LABEL,___acrt_uninitialize
003178FA,ANALYSIS_LABEL,__except1
0031838C,ANALYSIS_LABEL,__CIexp
003183E0,ANALYSIS_LABEL,__CIsqrt
003183F4,ANALYSIS_LABEL,_sqrt
00319D49,ANALYSIS_LABEL,___asan_get_free_stack
0031AC9D,ANALYSIS_LABEL,__clrfp
0031AD37,ANALYSIS_LABEL,__statfp
0031B323,ANALYSIS_LABEL,__rtindfpop
0031B325,ANALYSIS_LABEL,__rtindfnpop
0031B35D,ANALYSIS_LABEL,__rtchsifneg
0031D710,ANALYSIS_LABEL,__startTwoArgErrorHandling
0031D727,ANALYSIS_LABEL,__startOneArgErrorHandling
0031D785,ANALYSIS_LABEL,__load_CW
0031D79C,ANALYSIS_LABEL,__convertTOStoQNaN
0031D7B5,ANALYSIS_LABEL,__fload_withFB
0031D7F8,ANALYSIS_LABEL,__checkTOS_withFB
0031D80E,ANALYSIS_LABEL,__fast_exit
0031D81B,ANALYSIS_LABEL,__math_exit
0031EE68,ANALYSIS_LABEL,___libm_error_support
00323FE0,ANALYSIS_LABEL,__CIexp_pentium4
00323FF8,ANALYSIS_LABEL,__exp_pentium4
00325778,ANALYSIS_LABEL,__87except
00326E40,ANALYSIS_LABEL,_strpbrk
003282D0,ANALYSIS_LABEL,_sqstd_register_mathlib
00328E60,ANALYSIS_LABEL,_sqstd_register_stringlib
003292B0,ANALYSIS_LABEL,_sqstd_register_systemlib
00329D1D,ANALYSIS_LABEL,$LN4
00329D33,ANALYSIS_LABEL,$LN5
00329D48,ANALYSIS_LABEL,$LN6
00329D60,ANALYSIS_LABEL,$LN2
00329D65,ANALYSIS_LABEL,$LN7
00329D85,ANALYSIS_LABEL,$LN8
00329D9B,ANALYSIS_LABEL,$LN9
00329DB0,ANALYSIS_LABEL,$LN10
00329DC6,ANALYSIS_LABEL,$LN11
00329DDB,ANALYSIS_LABEL,$LN12
00329DF1,ANALYSIS_LABEL,$LN13
00329E06,ANALYSIS_LABEL,$LN14
00329E1C,ANALYSIS_LABEL,$LN15
00329E31,ANALYSIS_LABEL,$LN16
00329E47,ANALYSIS_LABEL,$LN17
00329E5C,ANALYSIS_LABEL,$LN18
00329E72,ANALYSIS_LABEL,$LN19
00329E88,ANALYSIS_LABEL,$LN26
00329ECC,ANALYSIS_LABEL,$LN25
00329F75,ANALYSIS_LABEL,$LN18
00329F83,ANALYSIS_LABEL,$LN19
00329F99,ANALYSIS_LABEL,$LN20
00329FB3,ANALYSIS_LABEL,$LN21
00329FCF,ANALYSIS_LABEL,$LN22
00329FDD,ANALYSIS_LABEL,$LN23
00329FF3,ANALYSIS_LABEL,$LN24
0032A001,ANALYSIS_LABEL,$LN25
0032A014,ANALYSIS_LABEL,$LN26
0032A01F,ANALYSIS_LABEL,$LN27
0032A032,ANALYSIS_LABEL,$LN28
0032A03D,ANALYSIS_LABEL,$LN29
0032A050,ANALYSIS_LABEL,$LN30
0032A05B,ANALYSIS_LABEL,$LN31
0032A06E,ANALYSIS_LABEL,$LN32
0032A079,ANALYSIS_LABEL,$LN33
0032A093,ANALYSIS_LABEL,$LN2
0032A0B0,ANALYSIS_LABEL,$LN47
0032A0F4,ANALYSIS_LABEL,$LN46
0032A7A0,ANALYSIS_LABEL,_sqstd_rex_free
0032A840,ANALYSIS_LABEL,_sqstd_rex_getsubexpcount
0032A850,ANALYSIS_LABEL,_sqstd_rex_match
0032E420,ANALYSIS_LABEL,__tr_init
003377B0,ANALYSIS_LABEL,"std::_Med3_unchecked<MemBlock *,bool (__cdecl*)(MemBlock const &,MemBlock const &)>"
00340CE0,ANALYSIS_LABEL,Concurrency::location::~location
0034BB52,ANALYSIS_LABEL,IsProcessorFeaturePresent
0034BB58,ANALYSIS_LABEL,RtlUnwind
0034BB5E,ANALYSIS_LABEL,Concurrency::details::platform::GetCurrentThreadId
0034BB64,ANALYSIS_LABEL,"std::_Ref_count_obj<__ExceptionPtr>::_Ref_count_obj<__ExceptionPtr><EHExceptionRecord * &,bool>"
0034BBB0,ANALYSIS_LABEL,"std::_Ref_count_obj_alloc<__ExceptionPtr,_StaticAllocator<int> >::_Ref_count_obj_alloc<__ExceptionPtr,_StaticAllocator<int> ><EHExceptionRecord * &,bool>"
0034BC0E,ANALYSIS_LABEL,std::_Ptr_base<__ExceptionPtr>::_Reset<__ExceptionPtr>
0034BC2C,ANALYSIS_LABEL,"std::allocate_shared<__ExceptionPtr,_StaticAllocator<int>,EHExceptionRecord * &,bool>"
0034BC84,ANALYSIS_LABEL,__catch$??$allocate_shared@V__ExceptionPtr@@U?$_StaticAllocator@H@@AAPAUEHExceptionRecord@@_N@std@@YA?AV?$shared_ptr@V__ExceptionPtr@@@0@ABU?$_StaticAllocator@H@@AAPAUEHExceptionRecord@@$$QA_N@Z$0
0034BC8E,ANALYSIS_LABEL,"std::make_shared<__ExceptionPtr,EHExceptionRecord * &,bool>"
0034BCDE,ANALYSIS_LABEL,__ExceptionPtr::__ExceptionPtr
0034BDF8,ANALYSIS_LABEL,__ExceptionPtr::~__ExceptionPtr
0034BEDE,ANALYSIS_LABEL,std::shared_ptr<_EXCEPTION_RECORD const >::`scalar deleting destructor'
0034BF07,ANALYSIS_LABEL,__ExceptionPtr::_CallCopyCtor
0034BF61,ANALYSIS_LABEL,__catch$?_CallCopyCtor@__ExceptionPtr@@ABEXPAX0IQBU_s_CatchableType@@@Z$0
0034BF9A,ANALYSIS_LABEL,__ExceptionPtr::_CopyException
0034C020,ANALYSIS_LABEL,$LN35
0034C03D,ANALYSIS_LABEL,__catch$?_CopyException@__ExceptionPtr@@SA?AV?$shared_ptr@V__ExceptionPtr@@@std@@PBXPBU_s_ThrowInfo@@_N@Z$0
0034C069,ANALYSIS_LABEL,__catch$?_CopyException@__ExceptionPtr@@SA?AV?$shared_ptr@V__ExceptionPtr@@@std@@PBXPBU_s_ThrowInfo@@_N@Z$1
0034C06F,ANALYSIS_LABEL,__ExceptionPtr::_CurrentException
0034C0CC,ANALYSIS_LABEL,$LN13
0034C0D1,ANALYSIS_LABEL,__catch$?_CurrentException@__ExceptionPtr@@SA?AV?$shared_ptr@V__ExceptionPtr@@@std@@XZ$0
0034C0FB,ANALYSIS_LABEL,__catch$?_CurrentException@__ExceptionPtr@@SA?AV?$shared_ptr@V__ExceptionPtr@@@std@@XZ$1
0034C10E,ANALYSIS_LABEL,std::_Ref_count_obj<__ExceptionPtr>::_Delete_this
0034C12B,ANALYSIS_LABEL,"std::_Ref_count_obj_alloc<__ExceptionPtr,_StaticAllocator<int> >::_Delete_this"
0034C14C,ANALYSIS_LABEL,__ExceptionPtr::_InitBadAllocException
0034C19F,ANALYSIS_LABEL,std::_Ptr_base<__ExceptionPtr>::_Reset0
0034C1C1,ANALYSIS_LABEL,__ExceptionPtr::_RethrowException
0034C2ED,ANALYSIS_LABEL,__ExceptionPtrCopy
0034C308,ANALYSIS_LABEL,__ExceptionPtrCreate
0034C31B,ANALYSIS_LABEL,__ExceptionPtrCurrentException
0034C348,ANALYSIS_LABEL,__ExceptionPtrDestroy
0034C369,ANALYSIS_LABEL,std::align
0034DE30,EXPORT,<TLS_Callback_1>
0034DE80,ANALYSIS_LABEL,__aullrem
0034DEA1,ANALYSIS_LABEL,L1
0034DEAF,ANALYSIS_LABEL,L3
0034DEDA,ANALYSIS_LABEL,L4
0034DEE2,ANALYSIS_LABEL,L5
0034DEF1,ANALYSIS_LABEL,L2
0034DF00,ANALYSIS_LABEL,__FindPESection
0034DF50,ANALYSIS_LABEL,__IsNonwritableInCurrentImage
0034E010,ANALYSIS_LABEL,__ValidateImageBase
0034E050,ANALYSIS_LABEL,__SEH_prolog4_GS
0034E099,ANALYSIS_LABEL,__SEH_epilog4_GS
0034E0B0,ANALYSIS_LABEL,__aullshr
0034E0C0,ANALYSIS_LABEL,MORE32
0034E0CA,ANALYSIS_LABEL,RETZERO
0034E0D0,ANALYSIS_LABEL,__alldvrm
0034E0F4,ANALYSIS_LABEL,L1
0034E110,ANALYSIS_LABEL,L2
0034E13C,ANALYSIS_LABEL,L3
0034E14A,ANALYSIS_LABEL,L5
0034E178,ANALYSIS_LABEL,L6
0034E181,ANALYSIS_LABEL,L7
0034E183,ANALYSIS_LABEL,L4
0034E195,ANALYSIS_LABEL,L9
0034E1A9,ANALYSIS_LABEL,L8
0034E1B0,ANALYSIS_LABEL,__allrem
0034E1D0,ANALYSIS_LABEL,L1
0034E1EB,ANALYSIS_LABEL,L2
0034E20A,ANALYSIS_LABEL,L3
0034E218,ANALYSIS_LABEL,L5
0034E243,ANALYSIS_LABEL,L6
0034E24B,ANALYSIS_LABEL,L7
0034E256,ANALYSIS_LABEL,L4
0034E25D,ANALYSIS_LABEL,L8
0034E262,ANALYSIS_LABEL,operator new
0034E29A,ANALYSIS_LABEL,__catch$??2@YAPAXIABUnothrow_t@std@@@Z$0
0034E2A0,ANALYSIS_LABEL,$LN7
0034E2E1,ANALYSIS_LABEL,_wcschr
0034FF3C,ANALYSIS_LABEL,__fFATN2
0034FF8C,ANALYSIS_LABEL,__rtpiby2
00361C50,ANALYSIS_LABEL,___sse2_cos2
00361DF0,ANALYSIS_LABEL,___common_sin_reduction_LA
003620E0,ANALYSIS_LABEL,___common_srl
00362110,ANALYSIS_LABEL,___common_sll
00362140,ANALYSIS_LABEL,___common_cos_reduction_LA
00362430,ANALYSIS_LABEL,___common_pi04_reduction_LA
00368268,ANALYSIS_LABEL,__unwindfunclet$??0_Locinfo@std@@QAE@PBD@Z$1
00368273,ANALYSIS_LABEL,__unwindfunclet$??0_Locinfo@std@@QAE@PBD@Z$2
0036827E,ANALYSIS_LABEL,__unwindfunclet$??0_Locinfo@std@@QAE@PBD@Z$3
00368289,ANALYSIS_LABEL,__unwindfunclet$??0_Locinfo@std@@QAE@PBD@Z$4
00368294,ANALYSIS_LABEL,__unwindfunclet$??0_Locinfo@std@@QAE@PBD@Z$5
0036829F,ANALYSIS_LABEL,__unwindfunclet$??0_Locinfo@std@@QAE@PBD@Z$6
003682AA,ANALYSIS_LABEL,__ehhandler$??0_Locinfo@std@@QAE@PBD@Z
003689D9,ANALYSIS_LABEL,__ehhandler$?overflow@?$basic_filebuf@DU?$char_traits@D@std@@@std@@MAEHH@Z
0036AC50,ANALYSIS_LABEL,__ehhandler$?PushRunnableToInactive@SchedulerBase@details@Concurrency@@UAE_NPAVInternalContextBase@23@Vlocation@3@@Z
0036CF88,ANALYSIS_LABEL,__ehhandler$?SetTaskExecutionResources@ResourceManager@details@Concurrency@@SAXK@Z
0036D1B8,ANALYSIS_LABEL,__ehhandler$??0_System_error@std@@IAE@Verror_code@1@ABV?$basic_string@DU?$char_traits@D@std@@V?$allocator@D@2@@1@@Z
00371590,ANALYSIS_LABEL,__ehhandler$?do_put@?$time_put@DV?$ostreambuf_iterator@DU?$char_traits@D@std@@@std@@@std@@MBE?AV?$ostreambuf_iterator@DU?$char_traits@D@std@@@2@V32@AAVios_base@2@DPBUtm@@DD@Z
003728E8,ANALYSIS_LABEL,__ehhandler$?SyncPop@?$WorkStealingQueue@V_UnrealizedChore@details@Concurrency@@V_CriticalNonReentrantLock@23@@details@Concurrency@@AAEPAV_UnrealizedChore@23@XZ
00373C28,ANALYSIS_LABEL,__ehhandler$?RemoveExecutionResource@ResourceManager@details@Concurrency@@QAEXPAVExecutionResource@23@@Z
00374F4E,ANALYSIS_LABEL,__ehhandler$?Raise_IdxError@SQVM@@QAEXABUSQObjectPtr@@@Z
00375168,ANALYSIS_LABEL,__ehhandler$?Raise_CompareError@SQVM@@QAEXABUtagSQObject@@0@Z
003753BB,ANALYSIS_LABEL,__ehhandler$??0SQSharedState@@QAE@XZ
003757AE,ANALYSIS_LABEL,__ehhandler$?Release@RefTable@@QAEIAAUtagSQObject@@@Z
00375900,ANALYSIS_LABEL,__ehhandler$??0SQVM@@QAE@PAUSQSharedState@@@Z
00375A7A,ANALYSIS_LABEL,__ehhandler$?GetConstant@SQFuncState@@QAEHABUtagSQObject@@@Z
00375E1E,ANALYSIS_LABEL,__ehhandler$?Finalize@SQVM@@UAEXXZ
00376004,ANALYSIS_LABEL,__ehhandler$?TypeOf@SQVM@@QAE_NABUSQObjectPtr@@AAU2@@Z
00376028,ANALYSIS_LABEL,__ehhandler$??0SQTable@@AAE@PAUSQSharedState@@H@Z
00376474,ANALYSIS_LABEL,__ehhandler$?Finalize@SQClass@@UAEXXZ
0037672E,ANALYSIS_LABEL,__ehhandler$?sq_aux_gettypedarg@@YA_NPAUSQVM@@HW4tagSQObjectType@@PAPAUSQObjectPtr@@@Z
0037680E,ANALYSIS_LABEL,__ehhandler$?base_type@@YAHPAUSQVM@@@Z
003769BE,ANALYSIS_LABEL,__ehhandler$?default_delegate_len@@YAHPAUSQVM@@@Z
00376A6A,ANALYSIS_LABEL,__ehhandler$?generator_getstatus@@YAHPAUSQVM@@@Z
00376D7C,ANALYSIS_LABEL,__ehhandler$?CreateString@SQFuncState@@QAE?AUtagSQObject@@PBDH@Z
00378056,ANALYSIS_LABEL,__ehhandler$??_GSubAllocator@details@Concurrency@@QAEPAXI@Z
00378798,ANALYSIS_LABEL,__ehhandler$?overflow@?$basic_filebuf@DU?$char_traits@D@std@@@std@@MAEHH@Z
003787F8,ANALYSIS_LABEL,__ehhandler$??0system_error@std@@QAE@HABVerror_category@1@PBD@Z
003788CC,ANALYSIS_LABEL,__ehhandler$?_Invoke@_CancellationTokenRegistration@details@Concurrency@@AAEXXZ
0037AB66,ANALYSIS_LABEL,__ehhandler$?Shutdown@ResourceManager@details@Concurrency@@QAEXPAVSchedulerProxy@23@@Z
0037ACC8,ANALYSIS_LABEL,__ehhandler$?uflow@?$basic_filebuf@DU?$char_traits@D@std@@@std@@MAEHXZ
0037C5C8,ANALYSIS_LABEL,__ehhandler$?FoundAvailableVirtualProcessor@SchedulingNode@details@Concurrency@@AAE_NAAVClaimTicket@VirtualProcessor@23@Vlocation@3@K@Z
0037C5F8,ANALYSIS_LABEL,__ehhandler$?StartupNewVirtualProcessor@SchedulerBase@details@Concurrency@@UAEXPAVScheduleGroupSegmentBase@23@Vlocation@3@@Z
0037DA07,ANALYSIS_LABEL,__ehhandler$??0_Locimp@locale@std@@AAE@ABV012@@Z
0037DA2A,ANALYSIS_LABEL,__ehhandler$?_Init@locale@std@@CAPAV_Locimp@12@_N@Z
0037DA4D,ANALYSIS_LABEL,__ehhandler$?_Locimp_Addfac@_Locimp@locale@std@@CAXPAV123@PAVfacet@23@I@Z
0037DA75,ANALYSIS_LABEL,__ehhandler$?_New_Locimp@_Locimp@locale@std@@CAPAV123@ABV123@@Z
0037DAF8,ANALYSIS_LABEL,__ehhandler$?_Endwrite@?$basic_filebuf@DU?$char_traits@D@std@@@std@@IAE_NXZ
0037DB25,ANALYSIS_LABEL,__unwindfunclet$?_Fput@?$num_put@DV?$ostreambuf_iterator@DU?$char_traits@D@std@@@std@@@std@@ABA?AV?$ostreambuf_iterator@DU?$char_traits@D@std@@@2@V32@AAVios_base@2@DPBDI@Z$1
0037DB2D,ANALYSIS_LABEL,__unwindfunclet$?_Fput@?$num_put@DV?$ostreambuf_iterator@DU?$char_traits@D@std@@@std@@@std@@ABA?AV?$ostreambuf_iterator@DU?$char_traits@D@std@@@2@V32@AAVios_base@2@DPBDI@Z$2
0037DB35,ANALYSIS_LABEL,__unwindfunclet$?_Fput@?$num_put@DV?$ostreambuf_iterator@DU?$char_traits@D@std@@@std@@@std@@ABA?AV?$ostreambuf_iterator@DU?$char_traits@D@std@@@2@V32@AAVios_base@2@DPBDI@Z$3
0037DB3D,ANALYSIS_LABEL,__ehhandler$?_Fput@?$num_put@DV?$ostreambuf_iterator@DU?$char_traits@D@std@@@std@@@std@@ABA?AV?$ostreambuf_iterator@DU?$char_traits@D@std@@@2@V32@AAVios_base@2@DPBDI@Z
0037DB6F,ANALYSIS_LABEL,__ehhandler$?_Getcat@?$codecvt@DDU_Mbstatet@@@std@@SAIPAPBVfacet@locale@2@PBV42@@Z
0037DB95,ANALYSIS_LABEL,__unwindfunclet$?_Getffld@?$num_get@DV?$istreambuf_iterator@DU?$char_traits@D@std@@@std@@@std@@ABAHPADAAV?$istreambuf_iterator@DU?$char_traits@D@std@@@2@1AAVios_base@2@PAH@Z$1
0037DB9D,ANALYSIS_LABEL,__unwindfunclet$?_Getffld@?$num_get@DV?$istreambuf_iterator@DU?$char_traits@D@std@@@std@@@std@@ABAHPADAAV?$istreambuf_iterator@DU?$char_traits@D@std@@@2@1AAVios_base@2@PAH@Z$2
0037DBA8,ANALYSIS_LABEL,__unwindfunclet$?_Getffld@?$num_get@DV?$istreambuf_iterator@DU?$char_traits@D@std@@@std@@@std@@ABAHPADAAV?$istreambuf_iterator@DU?$char_traits@D@std@@@2@1AAVios_base@2@PAH@Z$3
0037DBB0,ANALYSIS_LABEL,__ehhandler$?_Getffld@?$num_get@DV?$istreambuf_iterator@DU?$char_traits@D@std@@@std@@@std@@ABAHPADAAV?$istreambuf_iterator@DU?$char_traits@D@std@@@2@1AAVios_base@2@PAH@Z
0037DBE3,ANALYSIS_LABEL,__unwindfunclet$?_Getffldx@?$num_get@DV?$istreambuf_iterator@DU?$char_traits@D@std@@@std@@@std@@ABAHPADAAV?$istreambuf_iterator@DU?$char_traits@D@std@@@2@1AAVios_base@2@PAH@Z$1
0037DBEB,ANALYSIS_LABEL,__unwindfunclet$?_Getffldx@?$num_get@DV?$istreambuf_iterator@DU?$char_traits@D@std@@@std@@@std@@ABAHPADAAV?$istreambuf_iterator@DU?$char_traits@D@std@@@2@1AAVios_base@2@PAH@Z$2
0037DBF6,ANALYSIS_LABEL,__unwindfunclet$?_Getffldx@?$num_get@DV?$istreambuf_iterator@DU?$char_traits@D@std@@@std@@@std@@ABAHPADAAV?$istreambuf_iterator@DU?$char_traits@D@std@@@2@1AAVios_base@2@PAH@Z$3
0037DBFE,ANALYSIS_LABEL,__ehhandler$?_Getffldx@?$num_get@DV?$istreambuf_iterator@DU?$char_traits@D@std@@@std@@@std@@ABAHPADAAV?$istreambuf_iterator@DU?$char_traits@D@std@@@2@1AAVios_base@2@PAH@Z
0037DC2E,ANALYSIS_LABEL,__unwindfunclet$?_Getifld@?$num_get@DV?$istreambuf_iterator@DU?$char_traits@D@std@@@std@@@std@@ABAHPADAAV?$istreambuf_iterator@DU?$char_traits@D@std@@@2@1HABVlocale@2@@Z$1
0037DC36,ANALYSIS_LABEL,__ehhandler$?_Getifld@?$num_get@DV?$istreambuf_iterator@DU?$char_traits@D@std@@@std@@@std@@ABAHPADAAV?$istreambuf_iterator@DU?$char_traits@D@std@@@2@1HABVlocale@2@@Z
0037DC7B,ANALYSIS_LABEL,__ehhandler$?_Iput@?$num_put@DV?$ostreambuf_iterator@DU?$char_traits@D@std@@@std@@@std@@ABA?AV?$ostreambuf_iterator@DU?$char_traits@D@std@@@2@V32@AAVios_base@2@DPADI@Z
0037DCA8,ANALYSIS_LABEL,__unwindfunclet$?_Locimp_ctor@_Locimp@locale@std@@CAXPAV123@ABV123@@Z$1
0037DCB0,ANALYSIS_LABEL,__ehhandler$?_Locimp_ctor@_Locimp@locale@std@@CAXPAV123@ABV123@@Z
0037DCE0,ANALYSIS_LABEL,__ehhandler$?_Makeloc@_Locimp@locale@std@@CAPAV123@ABV_Locinfo@3@HPAV123@PBV23@@Z
0037DDAD,ANALYSIS_LABEL,__unwindfunclet$?do_put@?$num_put@DV?$ostreambuf_iterator@DU?$char_traits@D@std@@@std@@@std@@MBE?AV?$ostreambuf_iterator@DU?$char_traits@D@std@@@2@V32@AAVios_base@2@D_N@Z$1
0037DDB5,ANALYSIS_LABEL,__ehhandler$?do_put@?$num_put@DV?$ostreambuf_iterator@DU?$char_traits@D@std@@@std@@@std@@MBE?AV?$ostreambuf_iterator@DU?$char_traits@D@std@@@2@V32@AAVios_base@2@D_N@Z
0037E90B,ANALYSIS_LABEL,__unwindfunclet$?_Getmfld@?$money_get@DV?$istreambuf_iterator@DU?$char_traits@D@std@@@std@@@std@@ABE?AV?$basic_string@DU?$char_traits@D@std@@V?$allocator@D@2@@2@AAV?$istreambuf_iterator@DU?$char_traits@D@std@@@2@0_NAAVios_base@2@PAD@Z$1
0037E916,ANALYSIS_LABEL,__unwindfunclet$?_Getmfld@?$money_get@DV?$istreambuf_iterator@DU?$char_traits@D@std@@@std@@@std@@ABE?AV?$basic_string@DU?$char_traits@D@std@@V?$allocator@D@2@@2@AAV?$istreambuf_iterator@DU?$char_traits@D@std@@@2@0_NAAVios_base@2@PAD@Z$2
0037E91E,ANALYSIS_LABEL,__unwindfunclet$?_Getmfld@?$money_get@DV?$istreambuf_iterator@DU?$char_traits@D@std@@@std@@@std@@ABE?AV?$basic_string@DU?$char_traits@D@std@@V?$allocator@D@2@@2@AAV?$istreambuf_iterator@DU?$char_traits@D@std@@@2@0_NAAVios_base@2@PAD@Z$3
0037E93A,ANALYSIS_LABEL,__unwindfunclet$?_Getmfld@?$money_get@DV?$istreambuf_iterator@DU?$char_traits@D@std@@@std@@@std@@ABE?AV?$basic_string@DU?$char_traits@D@std@@V?$allocator@D@2@@2@AAV?$istreambuf_iterator@DU?$char_traits@D@std@@@2@0_NAAVios_base@2@PAD@Z$4
0037E945,ANALYSIS_LABEL,__unwindfunclet$?_Getmfld@?$money_get@DV?$istreambuf_iterator@DU?$char_traits@D@std@@@std@@@std@@ABE?AV?$basic_string@DU?$char_traits@D@std@@V?$allocator@D@2@@2@AAV?$istreambuf_iterator@DU?$char_traits@D@std@@@2@0_NAAVios_base@2@PAD@Z$14
0037E94D,ANALYSIS_LABEL,__unwindfunclet$?_Getmfld@?$money_get@DV?$istreambuf_iterator@DU?$char_traits@D@std@@@std@@@std@@ABE?AV?$basic_string@DU?$char_traits@D@std@@V?$allocator@D@2@@2@AAV?$istreambuf_iterator@DU?$char_traits@D@std@@@2@0_NAAVios_base@2@PAD@Z$15
0037E955,ANALYSIS_LABEL,__unwindfunclet$?_Getmfld@?$money_get@DV?$istreambuf_iterator@DU?$char_traits@D@std@@@std@@@std@@ABE?AV?$basic_string@DU?$char_traits@D@std@@V?$allocator@D@2@@2@AAV?$istreambuf_iterator@DU?$char_traits@D@std@@@2@0_NAAVios_base@2@PAD@Z$6
0037E96E,ANALYSIS_LABEL,__unwindfunclet$?_Getmfld@?$money_get@DV?$istreambuf_iterator@DU?$char_traits@D@std@@@std@@@std@@ABE?AV?$basic_string@DU?$char_traits@D@std@@V?$allocator@D@2@@2@AAV?$istreambuf_iterator@DU?$char_traits@D@std@@@2@0_NAAVios_base@2@PAD@Z$7
0037E987,ANALYSIS_LABEL,__unwindfunclet$?_Getmfld@?$money_get@DV?$istreambuf_iterator@DU?$char_traits@D@std@@@std@@@std@@ABE?AV?$basic_string@DU?$char_traits@D@std@@V?$allocator@D@2@@2@AAV?$istreambuf_iterator@DU?$char_traits@D@std@@@2@0_NAAVios_base@2@PAD@Z$9
0037E9A0,ANALYSIS_LABEL,__unwindfunclet$?_Getmfld@?$money_get@DV?$istreambuf_iterator@DU?$char_traits@D@std@@@std@@@std@@ABE?AV?$basic_string@DU?$char_traits@D@std@@V?$allocator@D@2@@2@AAV?$istreambuf_iterator@DU?$char_traits@D@std@@@2@0_NAAVios_base@2@PAD@Z$10
0037E9B9,ANALYSIS_LABEL,__unwindfunclet$?_Getmfld@?$money_get@DV?$istreambuf_iterator@DU?$char_traits@D@std@@@std@@@std@@ABE?AV?$basic_string@DU?$char_traits@D@std@@V?$allocator@D@2@@2@AAV?$istreambuf_iterator@DU?$char_traits@D@std@@@2@0_NAAVios_base@2@PAD@Z$5
0037E9C1,ANALYSIS_LABEL,__ehhandler$?_Getmfld@?$money_get@DV?$istreambuf_iterator@DU?$char_traits@D@std@@@std@@@std@@ABE?AV?$basic_string@DU?$char_traits@D@std@@V?$allocator@D@2@@2@AAV?$istreambuf_iterator@DU?$char_traits@D@std@@@2@0_NAAVios_base@2@PAD@Z
0037EA2C,ANALYSIS_LABEL,__unwindfunclet$?_Makexloc@_Locimp@locale@std@@CAXABV_Locinfo@3@HPAV123@PBV23@@Z$27
0037EA34,ANALYSIS_LABEL,__unwindfunclet$?_Makexloc@_Locimp@locale@std@@CAXABV_Locinfo@3@HPAV123@PBV23@@Z$5
0037EA41,ANALYSIS_LABEL,__unwindfunclet$?_Makexloc@_Locimp@locale@std@@CAXABV_Locinfo@3@HPAV123@PBV23@@Z$35
0037EA49,ANALYSIS_LABEL,__unwindfunclet$?_Makexloc@_Locimp@locale@std@@CAXABV_Locinfo@3@HPAV123@PBV23@@Z$6
0037EA56,ANALYSIS_LABEL,__ehhandler$?_Makexloc@_Locimp@locale@std@@CAXABV_Locinfo@3@HPAV123@PBV23@@Z
0037EA79,ANALYSIS_LABEL,__unwindfunclet$?_Putmfld@?$money_put@DV?$ostreambuf_iterator@DU?$char_traits@D@std@@@std@@@std@@ABE?AV?$ostreambuf_iterator@DU?$char_traits@D@std@@@2@V32@_NAAVios_base@2@D1V?$basic_string@DU?$char_traits@D@std@@V?$allocator@D@2@@2@D@Z$1
0037EA84,ANALYSIS_LABEL,__unwindfunclet$?_Putmfld@?$money_put@DV?$ostreambuf_iterator@DU?$char_traits@D@std@@@std@@@std@@ABE?AV?$ostreambuf_iterator@DU?$char_traits@D@std@@@2@V32@_NAAVios_base@2@D1V?$basic_string@DU?$char_traits@D@std@@V?$allocator@D@2@@2@D@Z$2
0037EA8F,ANALYSIS_LABEL,__unwindfunclet$?_Putmfld@?$money_put@DV?$ostreambuf_iterator@DU?$char_traits@D@std@@@std@@@std@@ABE?AV?$ostreambuf_iterator@DU?$char_traits@D@std@@@2@V32@_NAAVios_base@2@D1V?$basic_string@DU?$char_traits@D@std@@V?$allocator@D@2@@2@D@Z$3
0037EA97,ANALYSIS_LABEL,__unwindfunclet$?_Putmfld@?$money_put@DV?$ostreambuf_iterator@DU?$char_traits@D@std@@@std@@@std@@ABE?AV?$ostreambuf_iterator@DU?$char_traits@D@std@@@2@V32@_NAAVios_base@2@D1V?$basic_string@DU?$char_traits@D@std@@V?$allocator@D@2@@2@D@Z$4
0037EA9F,ANALYSIS_LABEL,__unwindfunclet$?_Putmfld@?$money_put@DV?$ostreambuf_iterator@DU?$char_traits@D@std@@@std@@@std@@ABE?AV?$ostreambuf_iterator@DU?$char_traits@D@std@@@2@V32@_NAAVios_base@2@D1V?$basic_string@DU?$char_traits@D@std@@V?$allocator@D@2@@2@D@Z$7
0037EAA7,ANALYSIS_LABEL,__ehhandler$?_Putmfld@?$money_put@DV?$ostreambuf_iterator@DU?$char_traits@D@std@@@std@@@std@@ABE?AV?$ostreambuf_iterator@DU?$char_traits@D@std@@@2@V32@_NAAVios_base@2@D1V?$basic_string@DU?$char_traits@D@std@@V?$allocator@D@2@@2@D@Z
0037EAD7,ANALYSIS_LABEL,__ehhandler$?do_get@?$money_get@DV?$istreambuf_iterator@DU?$char_traits@D@std@@@std@@@std@@MBE?AV?$istreambuf_iterator@DU?$char_traits@D@std@@@2@V32@0_NAAVios_base@2@AAHAAO@Z
0037EB04,ANALYSIS_LABEL,__ehhandler$?do_get@?$money_get@DV?$istreambuf_iterator@DU?$char_traits@D@std@@@std@@@std@@MBE?AV?$istreambuf_iterator@DU?$char_traits@D@std@@@2@V32@0_NAAVios_base@2@AAHAAV?$basic_string@DU?$char_traits@D@std@@V?$allocator@D@2@@2@@Z
0037EB54,ANALYSIS_LABEL,__unwindfunclet$?do_put@?$money_put@DV?$ostreambuf_iterator@DU?$char_traits@D@std@@@std@@@std@@MBE?AV?$ostreambuf_iterator@DU?$char_traits@D@std@@@2@V32@_NAAVios_base@2@DABV?$basic_string@DU?$char_traits@D@std@@V?$allocator@D@2@@2@@Z$1
0037EB5C,ANALYSIS_LABEL,__ehhandler$?do_put@?$money_put@DV?$ostreambuf_iterator@DU?$char_traits@D@std@@@std@@@std@@MBE?AV?$ostreambuf_iterator@DU?$char_traits@D@std@@@2@V32@_NAAVios_base@2@DABV?$basic_string@DU?$char_traits@D@std@@V?$allocator@D@2@@2@@Z
0037EB91,ANALYSIS_LABEL,__ehhandler$?do_put@?$money_put@DV?$ostreambuf_iterator@DU?$char_traits@D@std@@@std@@@std@@MBE?AV?$ostreambuf_iterator@DU?$char_traits@D@std@@@2@V32@_NAAVios_base@2@DO@Z
0037EBBE,ANALYSIS_LABEL,__ehhandler$?do_put@?$time_put@DV?$ostreambuf_iterator@DU?$char_traits@D@std@@@std@@@std@@MBE?AV?$ostreambuf_iterator@DU?$char_traits@D@std@@@2@V32@AAVios_base@2@DPBUtm@@DD@Z
0037FA1C,ANALYSIS_LABEL,__ehhandler$??0MultiWaitBlockHolder@details@Concurrency@@QAE@_NI00@Z
0037FA3F,ANALYSIS_LABEL,__ehhandler$?notify_one@_Condition_variable@details@Concurrency@@QAEXXZ
0037FA6A,ANALYSIS_LABEL,__ehhandler$?set@event@Concurrency@@QAEXXZ
0037FA97,ANALYSIS_LABEL,__ehhandler$?wait@_Condition_variable@details@Concurrency@@QAEXAAVcritical_section@3@@Z
0037FABA,ANALYSIS_LABEL,__ehhandler$?wait@event@Concurrency@@QAEII@Z
0037FAE2,ANALYSIS_LABEL,__unwindfunclet$?wait_for@_Condition_variable@details@Concurrency@@QAE_NAAVcritical_section@3@I@Z$1
0037FAEA,ANALYSIS_LABEL,__ehhandler$?wait_for@_Condition_variable@details@Concurrency@@QAE_NAAVcritical_section@3@I@Z
0037FB0D,ANALYSIS_LABEL,__unwindfunclet$?wait_for_multiple@event@Concurrency@@SAIPAPAV12@I_NI@Z$1
0037FB18,ANALYSIS_LABEL,__ehhandler$?wait_for_multiple@event@Concurrency@@SAIPAPAV12@I_NI@Z
0037FB44,ANALYSIS_LABEL,__ehhandler$??0scoped_lock@critical_section@Concurrency@@QAE@AAV12@@Z
0037FB6C,ANALYSIS_LABEL,__ehhandler$?try_lock_for@critical_section@Concurrency@@QAE_NI@Z
0037FB92,ANALYSIS_LABEL,__unwindfunclet$??0ResourceManager@details@Concurrency@@AAE@XZ$1
0037FB9D,ANALYSIS_LABEL,__ehhandler$??0ResourceManager@details@Concurrency@@AAE@XZ
0037FBC5,ANALYSIS_LABEL,__ehhandler$?CaptureProcessAffinity@ResourceManager@details@Concurrency@@CAXXZ
0037FC07,ANALYSIS_LABEL,__ehhandler$?CreateAllocatedNodeData@ResourceManager@details@Concurrency@@QAEPAUSchedulerNode@23@XZ
0037FC2A,ANALYSIS_LABEL,__unwindfunclet$?CreateSchedulerProxy@ResourceManager@details@Concurrency@@AAEPAVSchedulerProxy@23@PAUIScheduler@3@@Z$1
0037FC3A,ANALYSIS_LABEL,__ehhandler$?CreateSchedulerProxy@ResourceManager@details@Concurrency@@AAEPAVSchedulerProxy@23@PAUIScheduler@3@@Z
0037FC5D,ANALYSIS_LABEL,__unwindfunclet$?CreateSingleton@ResourceManager@details@Concurrency@@SAPAV123@XZ$1
0037FC6D,ANALYSIS_LABEL,__unwindfunclet$?CreateSingleton@ResourceManager@details@Concurrency@@SAPAV123@XZ$2
0037FC7D,ANALYSIS_LABEL,__ehhandler$?CreateSingleton@ResourceManager@details@Concurrency@@SAPAV123@XZ
0037FCA6,ANALYSIS_LABEL,__ehhandler$?DynamicResourceManager@ResourceManager@details@Concurrency@@AAEXXZ
0037FCC9,ANALYSIS_LABEL,__ehhandler$?StaticDestruction@SchedulerBase@details@Concurrency@@CAXXZ
0037FCF2,ANALYSIS_LABEL,__ehhandler$?Release@ResourceManager@details@Concurrency@@UAEIXZ
0037FD15,ANALYSIS_LABEL,__unwindfunclet$?RequestInitialVirtualProcessors@ResourceManager@details@Concurrency@@QAEPAUIExecutionResource@3@PAVSchedulerProxy@23@_N@Z$1
0037FD1B,ANALYSIS_LABEL,__unwindfunclet$?RequestInitialVirtualProcessors@ResourceManager@details@Concurrency@@QAEPAUIExecutionResource@3@PAVSchedulerProxy@23@_N@Z$2
0037FD21,ANALYSIS_LABEL,__ehhandler$?RequestInitialVirtualProcessors@ResourceManager@details@Concurrency@@QAEPAUIExecutionResource@3@PAVSchedulerProxy@23@_N@Z
0037FD4A,ANALYSIS_LABEL,__ehhandler$?GetFreeThreadProxyFactory@ThreadProxyFactoryManager@details@Concurrency@@QAEPAVFreeThreadProxyFactory@23@XZ
0037FE12,ANALYSIS_LABEL,__ehhandler$?AllocateSegment@CacheLocalScheduleGroup@details@Concurrency@@MAEPAVScheduleGroupSegmentBase@23@PAVSchedulingRing@23@PAVlocation@3@@Z
0037FE3D,ANALYSIS_LABEL,__ehhandler$?AllocateSegment@FairScheduleGroup@details@Concurrency@@MAEPAVScheduleGroupSegmentBase@23@PAVSchedulingRing@23@PAVlocation@3@@Z
0037FE71,ANALYSIS_LABEL,__ehhandler$?GetBitSet@SchedulerBase@details@Concurrency@@QAE?AVQuickBitSet@23@PBVlocation@3@@Z
0037FE94,ANALYSIS_LABEL,__unwindfunclet$?GetDefaultScheduler@SchedulerBase@details@Concurrency@@CAPAV123@XZ$1
0037FE9C,ANALYSIS_LABEL,__ehhandler$?GetDefaultScheduler@SchedulerBase@details@Concurrency@@CAPAV123@XZ
0037FEC7,ANALYSIS_LABEL,__ehhandler$?GetExternalContext@SchedulerBase@details@Concurrency@@AAEPAVExternalContextBase@23@_N@Z
0037FF0D,ANALYSIS_LABEL,__ehhandler$?GetSubAllocator@SchedulerBase@details@Concurrency@@SAPAVSubAllocator@23@_N@Z
0037FF51,ANALYSIS_LABEL,__unwindfunclet$?Initialize@SchedulerBase@details@Concurrency@@AAEXXZ$1
0037FF59,ANALYSIS_LABEL,__unwindfunclet$?Initialize@SchedulerBase@details@Concurrency@@AAEXXZ$2
0037FF69,ANALYSIS_LABEL,__unwindfunclet$?Initialize@SchedulerBase@details@Concurrency@@AAEXXZ$3
0037FF79,ANALYSIS_LABEL,__ehhandler$?Initialize@SchedulerBase@details@Concurrency@@AAEXXZ
0037FFA1,ANALYSIS_LABEL,__unwindfunclet$?InternalCreateScheduleGroup@SchedulerBase@details@Concurrency@@AAEPAVScheduleGroup@3@PAVlocation@3@@Z$1
0037FFAE,ANALYSIS_LABEL,__ehhandler$?InternalCreateScheduleGroup@SchedulerBase@details@Concurrency@@AAEPAVScheduleGroup@3@PAVlocation@3@@Z
0037FFD2,ANALYSIS_LABEL,__unwindfunclet$??0ContextBase@details@Concurrency@@QAE@PAVSchedulerBase@12@_N@Z$1
0037FFE0,ANALYSIS_LABEL,__unwindfunclet$??0ContextBase@details@Concurrency@@QAE@PAVSchedulerBase@12@_N@Z$2
0037FFEE,ANALYSIS_LABEL,__ehhandler$??0ContextBase@details@Concurrency@@QAE@PAVSchedulerBase@12@_N@Z
00380017,ANALYSIS_LABEL,__ehhandler$?CancelStealers@ContextBase@details@Concurrency@@QAEXPAV_TaskCollectionBase@23@@Z
0038003F,ANALYSIS_LABEL,__ehhandler$?CreateWorkQueue@ContextBase@details@Concurrency@@QAEXXZ
00380062,ANALYSIS_LABEL,__unwindfunclet$?SyncPop@?$WorkStealingQueue@V_UnrealizedChore@details@Concurrency@@V_CriticalNonReentrantLock@23@@details@Concurrency@@AAEPAV_UnrealizedChore@23@XZ$2
00380068,ANALYSIS_LABEL,__ehhandler$?SyncPop@?$WorkStealingQueue@V_UnrealizedChore@details@Concurrency@@V_CriticalNonReentrantLock@23@@details@Concurrency@@AAEPAV_UnrealizedChore@23@XZ
0038008E,ANALYSIS_LABEL,__ehhandler$??0_TaskCollection@details@Concurrency@@AAE@PAV012@_N@Z
003800B9,ANALYSIS_LABEL,__ehhandler$?_Alias@_TaskCollection@details@Concurrency@@AAEPAV123@XZ
003800E2,ANALYSIS_LABEL,__ehhandler$?_CancelStolenContexts@_TaskCollection@details@Concurrency@@AAEX_N0@Z
00380105,ANALYSIS_LABEL,__unwindfunclet$?_DeregisterCallback@_CancellationTokenState@details@Concurrency@@QAEXPAV_CancellationTokenRegistration@23@@Z$7
0038010B,ANALYSIS_LABEL,__unwindfunclet$?_DeregisterCallback@_CancellationTokenState@details@Concurrency@@QAEXPAV_CancellationTokenRegistration@23@@Z$1
00380113,ANALYSIS_LABEL,__unwindfunclet$?_DeregisterCallback@_CancellationTokenState@details@Concurrency@@QAEXPAV_CancellationTokenRegistration@23@@Z$12
00380119,ANALYSIS_LABEL,__ehhandler$?_DeregisterCallback@_CancellationTokenState@details@Concurrency@@QAEXPAV_CancellationTokenRegistration@23@@Z
0038013C,ANALYSIS_LABEL,__ehhandler$?_FullAliasWait@_TaskCollection@details@Concurrency@@AAEXPAV123@@Z
00380173,ANALYSIS_LABEL,__ehhandler$?_Initialize@_TaskCollection@details@Concurrency@@AAEXXZ
0038019E,ANALYSIS_LABEL,__ehhandler$?_RegisterCallback@_CancellationTokenState@details@Concurrency@@QAEXPAV_CancellationTokenRegistration@23@@Z
00380240,ANALYSIS_LABEL,__ehhandler$?GetResourceForNewSubscription@SchedulerProxy@details@Concurrency@@QAEPAVExecutionResource@23@PAV423@@Z
00380263,ANALYSIS_LABEL,__unwindfunclet$?CreateOversubscriber@SchedulerProxy@details@Concurrency@@UAEPAUIVirtualProcessorRoot@3@PAUIExecutionResource@3@@Z$1
00380269,ANALYSIS_LABEL,__ehhandler$?CreateOversubscriber@SchedulerProxy@details@Concurrency@@UAEPAUIVirtualProcessorRoot@3@PAUIExecutionResource@3@@Z
00380291,ANALYSIS_LABEL,__ehhandler$?CreateVirtualProcessorRoot@SchedulerProxy@details@Concurrency@@UAEPAVVirtualProcessorRoot@23@PAUSchedulerNode@23@I@Z
003802B6,ANALYSIS_LABEL,__ehhandler$?CurrentSubscriptionLevel@ResourceManager@details@Concurrency@@QAEIII@Z
003802DF,ANALYSIS_LABEL,__ehhandler$?RemoveExecutionResource@ResourceManager@details@Concurrency@@QAEXPAVExecutionResource@23@@Z
0038032B,ANALYSIS_LABEL,__unwindfunclet$?SendCoreNotification@SchedulerProxy@details@Concurrency@@QAEXPAUSchedulerCore@23@_N@Z$1
00380331,ANALYSIS_LABEL,__ehhandler$?SendCoreNotification@SchedulerProxy@details@Concurrency@@QAEXPAUSchedulerCore@23@_N@Z
00380361,ANALYSIS_LABEL,__ehhandler$??0ThreadProxyFactoryManager@details@Concurrency@@QAE@XZ
00380389,ANALYSIS_LABEL,__ehhandler$?Create@FreeThreadProxyFactory@details@Concurrency@@EAEPAVFreeThreadProxy@23@I@Z
003803E3,ANALYSIS_LABEL,__ehhandler$?Alloc@InternalContextBase@details@Concurrency@@UAEPAXI@Z
00380417,ANALYSIS_LABEL,__ehhandler$?Dispatch@InternalContextBase@details@Concurrency@@UAEXPAUDispatchState@3@@Z
00380455,ANALYSIS_LABEL,__ehhandler$?GrowAndPush@?$StructuredWorkStealingQueue@V_UnrealizedChore@details@Concurrency@@V_CriticalNonReentrantLock@23@@details@Concurrency@@AAEXPAV_UnrealizedChore@23@VSlot@?$Mailbox@V_UnrealizedChore@details@Concurrency@@@23@@Z
0038047B,ANALYSIS_LABEL,__unwindfunclet$??0SchedulingRing@details@Concurrency@@QAE@PAVSchedulerBase@12@H@Z$1
00380486,ANALYSIS_LABEL,__ehhandler$??0SchedulingRing@details@Concurrency@@QAE@PAVSchedulerBase@12@H@Z
003804AC,ANALYSIS_LABEL,__unwindfunclet$??0?$Mailbox@V_UnrealizedChore@details@Concurrency@@@details@Concurrency@@QAE@PAVSchedulerBase@12@ABVQuickBitSet@12@_NI@Z$1
003804B9,ANALYSIS_LABEL,__ehhandler$??0?$Mailbox@V_UnrealizedChore@details@Concurrency@@@details@Concurrency@@QAE@PAVSchedulerBase@12@ABVQuickBitSet@12@_NI@Z
003804DC,ANALYSIS_LABEL,__ehhandler$??0ScheduleGroupBase@details@Concurrency@@QAE@PAVSchedulerBase@12@PAVlocation@2@@Z
00380502,ANALYSIS_LABEL,__unwindfunclet$??0ScheduleGroupSegmentBase@details@Concurrency@@IAE@PAVScheduleGroupBase@12@PAVSchedulingRing@12@PAVlocation@2@@Z$1
0038050A,ANALYSIS_LABEL,__unwindfunclet$??0ScheduleGroupSegmentBase@details@Concurrency@@IAE@PAVScheduleGroupBase@12@PAVSchedulingRing@12@PAVlocation@2@@Z$2
00380515,ANALYSIS_LABEL,__unwindfunclet$??0ScheduleGroupSegmentBase@details@Concurrency@@IAE@PAVScheduleGroupBase@12@PAVSchedulingRing@12@PAVlocation@2@@Z$3
00380520,ANALYSIS_LABEL,__unwindfunclet$??0ScheduleGroupSegmentBase@details@Concurrency@@IAE@PAVScheduleGroupBase@12@PAVSchedulingRing@12@PAVlocation@2@@Z$4
0038052E,ANALYSIS_LABEL,__ehhandler$??0ScheduleGroupSegmentBase@details@Concurrency@@IAE@PAVScheduleGroupBase@12@PAVSchedulingRing@12@PAVlocation@2@@Z
00380554,ANALYSIS_LABEL,__ehhandler$??0Segment@?$Mailbox@V_UnrealizedChore@details@Concurrency@@@details@Concurrency@@QAE@PAVSchedulerBase@23@ABVQuickBitSet@23@II@Z
0038057C,ANALYSIS_LABEL,__ehhandler$?DemandInitialize@?$Mailbox@V_UnrealizedChore@details@Concurrency@@@details@Concurrency@@AAEXXZ
003805A4,ANALYSIS_LABEL,__ehhandler$?Grow@?$Mailbox@V_UnrealizedChore@details@Concurrency@@@details@Concurrency@@AAEPAUSegment@123@PAU4123@@Z
003805C6,ANALYSIS_LABEL,__ehhandler$?RemoveHead@?$SafeRWList@VWaitNode@SchedulerBase@details@Concurrency@@VNoCount@CollectionTypes@34@V_ReaderWriterLock@34@@details@Concurrency@@QAEPAVWaitNode@SchedulerBase@23@XZ
003805E9,ANALYSIS_LABEL,__ehhandler$??0ExternalContextBase@details@Concurrency@@QAE@PAVSchedulerBase@12@_N@Z
00380614,ANALYSIS_LABEL,__ehhandler$?Create@ThreadScheduler@details@Concurrency@@SAPAV123@ABVSchedulerPolicy@3@@Z
0038063F,ANALYSIS_LABEL,__ehhandler$?CreateInternalContext@ThreadScheduler@details@Concurrency@@MAEPAVInternalContextBase@23@XZ
0038066A,ANALYSIS_LABEL,__ehhandler$?CreateVirtualProcessor@ThreadScheduler@details@Concurrency@@UAEPAVVirtualProcessor@23@PAVSchedulingNode@23@PAUIVirtualProcessorRoot@3@@Z
0038068D,ANALYSIS_LABEL,__ehhandler$?_RethrowException@_TaskCollectionBase@details@Concurrency@@IAEXXZ
003806D3,ANALYSIS_LABEL,__unwindfunclet$??0WorkQueue@details@Concurrency@@QAE@XZ$1
003806DE,ANALYSIS_LABEL,__ehhandler$??0WorkQueue@details@Concurrency@@QAE@XZ
00380707,ANALYSIS_LABEL,__ehhandler$?Steal@WorkQueue@details@Concurrency@@QAEPAV_UnrealizedChore@23@_N@Z
00380730,ANALYSIS_LABEL,__ehhandler$?Sweep@?$WorkStealingQueue@V_UnrealizedChore@details@Concurrency@@V_CriticalNonReentrantLock@23@@details@Concurrency@@QAEXP6A_NPAV_UnrealizedChore@23@PAX@Z12@Z
0038076E,ANALYSIS_LABEL,__ehhandler$??0ThreadVirtualProcessor@details@Concurrency@@QAE@PAVSchedulingNode@12@PAUIVirtualProcessorRoot@2@@Z
00380818,ANALYSIS_LABEL,__ehhandler$?SearchCacheLocal@WorkSearchContext@details@Concurrency@@AAE_NPAVWorkItem@23@PAVScheduleGroupSegmentBase@23@_NK@Z
00380B7D,ANALYSIS_LABEL,__ehhandler$??$?0AAPAUEHExceptionRecord@@_N@?$_Ref_count_obj@V__ExceptionPtr@@@std@@QAE@AAPAUEHExceptionRecord@@$$QA_N@Z
00380BAE,ANALYSIS_LABEL,__ehhandler$??$?0AAPAUEHExceptionRecord@@_N@?$_Ref_count_obj_alloc@V__ExceptionPtr@@U?$_StaticAllocator@H@@@std@@QAE@ABU?$_StaticAllocator@H@@AAPAUEHExceptionRecord@@$$QA_N@Z
00380BD7,ANALYSIS_LABEL,__ehhandler$??$allocate_shared@V__ExceptionPtr@@U?$_StaticAllocator@H@@AAPAUEHExceptionRecord@@_N@std@@YA?AV?$shared_ptr@V__ExceptionPtr@@@0@ABU?$_StaticAllocator@H@@AAPAUEHExceptionRecord@@$$QA_N@Z
00380BFF,ANALYSIS_LABEL,__ehhandler$??$make_shared@V__ExceptionPtr@@AAPAUEHExceptionRecord@@_N@std@@YA?AV?$shared_ptr@V__ExceptionPtr@@@0@AAPAUEHExceptionRecord@@$$QA_N@Z
00380C73,ANALYSIS_LABEL,__ehhandler$?_InitBadAllocException@__ExceptionPtr@@CA?AV?$shared_ptr@V__ExceptionPtr@@@std@@XZ
00386EF6,ANALYSIS_LABEL,`std::_Immortalize<std::_Generic_error_category>'::`2'::`dynamic atexit destructor for '_Static''
00388000,IMPORT,&ADVAPI32.LookupPrivilegeValueA
00388004,IMPORT,&ADVAPI32.ImpersonateSelf
00388008,IMPORT,&ADVAPI32.AddAccessDeniedAce
0038800C,IMPORT,&ADVAPI32.OpenProcessToken
00388010,IMPORT,&ADVAPI32.GetUserNameA
00388014,IMPORT,&ADVAPI32.GetTokenInformation
00388018,IMPORT,&ADVAPI32.OpenThreadToken
0038801C,IMPORT,&ADVAPI32.AddAccessAllowedAce
00388020,IMPORT,&ADVAPI32.GetLengthSid
00388024,IMPORT,&ADVAPI32.SetSecurityInfo
00388028,IMPORT,&ADVAPI32.InitializeAcl
0038802C,IMPORT,&ADVAPI32.InitializeSecurityDescriptor
00388030,IMPORT,&ADVAPI32.SetSecurityDescriptorDacl
00388034,IMPORT,&ADVAPI32.AdjustTokenPrivileges
00388038,IMPORT,&ADVAPI32.FreeSid
0038803C,IMPORT,&ADVAPI32.AllocateAndInitializeSid
00388044,IMPORT,&DINPUT8.DirectInput8Create
00388054,IMPORT,&GDI32.SelectObject
00388058,IMPORT,&GDI32.CreateDIBSection
0038805C,IMPORT,&GDI32.AddFontMemResourceEx
00388060,IMPORT,&GDI32.BitBlt
00388064,IMPORT,&GDI32.GetStockObject
00388068,IMPORT,&GDI32.GetDeviceCaps
0038806C,IMPORT,&GDI32.CreateCompatibleDC
00388074,IMPORT,&IMM32.ImmReleaseContext
00388078,IMPORT,&IMM32.ImmGetContext
0038807C,IMPORT,&IMM32.ImmSetCandidateWindow
00388080,IMPORT,&IMM32.ImmGetDefaultIMEWnd
00388084,IMPORT,&IMM32.ImmSetOpenStatus
0038808C,IMPORT,&KERNEL32.InitializeCriticalSection
00388090,IMPORT,&KERNEL32.DeleteCriticalSection
00388094,ANALYSIS_LABEL,_imp__VirtualAlloc
00388094,IMPORT,&KERNEL32.VirtualAlloc
00388098,IMPORT,&KERNEL32.VirtualQuery
0038809C,ANALYSIS_LABEL,_imp__VirtualFree
0038809C,IMPORT,&KERNEL32.VirtualFree
003880A0,IMPORT,&KERNEL32.GetSystemInfo
003880A4,ANALYSIS_LABEL,_imp__GetTickCount
003880A4,IMPORT,&KERNEL32.GetTickCount
003880A8,IMPORT,&KERNEL32.SetThreadPriority
003880AC,IMPORT,&KERNEL32.GlobalLock
003880B0,IMPORT,&KERNEL32.GlobalUnlock
003880B4,IMPORT,&KERNEL32.GetCurrentDirectoryA
003880B8,IMPORT,&KERNEL32.GetPrivateProfileIntA
003880BC,IMPORT,&KERNEL32.GetPrivateProfileStringA
003880C0,IMPORT,&KERNEL32.CreateFileW
003880C4,IMPORT,&KERNEL32.ReadDirectoryChangesW
003880C8,IMPORT,&KERNEL32.WaitForSingleObject
003880CC,ANALYSIS_LABEL,_imp__RaiseException
003880CC,IMPORT,&KERNEL32.RaiseException
003880D0,ANALYSIS_LABEL,_imp__DecodePointer
003880D0,IMPORT,&KERNEL32.DecodePointer
003880D4,ANALYSIS_LABEL,_imp__InitializeCriticalSectionAndSpinCount
003880D4,IMPORT,&KERNEL32.InitializeCriticalSectionAndSpinCount
003880D8,IMPORT,&KERNEL32.QueryPerformanceCounter
003880DC,IMPORT,&KERNEL32.QueryPerformanceFrequency
003880E0,IMPORT,&KERNEL32.GetLocalTime
003880E4,ANALYSIS_LABEL,_imp__ResetEvent
003880E4,IMPORT,&KERNEL32.ResetEvent
003880E8,IMPORT,&KERNEL32.ReleaseMutex
003880EC,ANALYSIS_LABEL,_imp__GetCurrentThread
003880EC,IMPORT,&KERNEL32.GetCurrentThread
003880F0,ANALYSIS_LABEL,_imp__SetThreadAffinityMask
003880F0,IMPORT,&KERNEL32.SetThreadAffinityMask
003880F4,ANALYSIS_LABEL,_imp__GetCurrentThreadId
003880F4,IMPORT,&KERNEL32.GetCurrentThreadId
003880F8,IMPORT,&KERNEL32.FindClose
003880FC,ANALYSIS_LABEL,_imp__GetModuleHandleA
003880FC,IMPORT,&KERNEL32.GetModuleHandleA
00388100,IMPORT,&KERNEL32.GetCurrentProcessId
00388104,IMPORT,&KERNEL32.LoadLibraryA
00388108,ANALYSIS_LABEL,_imp__GetProcAddress
00388108,IMPORT,&KERNEL32.GetProcAddress
0038810C,ANALYSIS_LABEL,_imp__FreeLibrary
0038810C,IMPORT,&KERNEL32.FreeLibrary
00388110,IMPORT,&KERNEL32.FindFirstFileA
00388114,IMPORT,&KERNEL32.FindNextFileA
00388118,IMPORT,&KERNEL32.GetFullPathNameA
0038811C,IMPORT,&KERNEL32.DeleteFileA
00388120,IMPORT,&KERNEL32.CreateDirectoryA
00388124,IMPORT,&KERNEL32.GetConsoleScreenBufferInfo
00388128,IMPORT,&KERNEL32.SetConsoleTextAttribute
0038812C,IMPORT,&KERNEL32.GetStdHandle
00388130,ANALYSIS_LABEL,_imp__VirtualProtect
00388130,IMPORT,&KERNEL32.VirtualProtect
00388134,IMPORT,&KERNEL32.GetWindowsDirectoryA
00388138,ANALYSIS_LABEL,_imp__SetEvent
00388138,IMPORT,&KERNEL32.SetEvent
0038813C,IMPORT,&KERNEL32.ReleaseSemaphore
00388140,IMPORT,&KERNEL32.LeaveCriticalSection
00388144,IMPORT,&KERNEL32.EnterCriticalSection
00388148,IMPORT,&KERNEL32.GetFileSizeEx
0038814C,IMPORT,&KERNEL32.ReadFile
00388150,IMPORT,&KERNEL32.OutputDebugStringA
00388154,IMPORT,&KERNEL32.GetVersionExA
00388158,ANALYSIS_LABEL,_imp__GetLastError
00388158,IMPORT,&KERNEL32.GetLastError
0038815C,IMPORT,&KERNEL32.SetCurrentDirectoryA
00388160,IMPORT,&KERNEL32.OpenEventA
00388164,IMPORT,&KERNEL32.CreateWaitableTimerA
00388168,ANALYSIS_LABEL,_imp__WaitForSingleObjectEx
00388168,IMPORT,&KERNEL32.WaitForSingleObjectEx
0038816C,IMPORT,&KERNEL32.CreateMutexA
00388170,IMPORT,&KERNEL32.GetDriveTypeA
00388174,IMPORT,&KERNEL32.GetModuleFileNameA
00388178,IMPORT,&KERNEL32.GetFileType
0038817C,IMPORT,&KERNEL32.GlobalAlloc
00388180,IMPORT,&KERNEL32.SleepEx
00388184,IMPORT,&KERNEL32.VerifyVersionInfoA
00388188,IMPORT,&KERNEL32.VerSetConditionMask
0038818C,IMPORT,&KERNEL32.GetQueuedCompletionStatus
00388190,IMPORT,&KERNEL32.SetWaitableTimer
00388194,IMPORT,&KERNEL32.CreateIoCompletionPort
00388198,IMPORT,&KERNEL32.PostQueuedCompletionStatus
0038819C,IMPORT,&KERNEL32.QueueUserAPC
003881A0,IMPORT,&KERNEL32.TerminateThread
003881A4,IMPORT,&KERNEL32.WaitForMultipleObjects
003881A8,IMPORT,&KERNEL32.WriteConsoleW
003881AC,IMPORT,&KERNEL32.SetStdHandle
003881B0,IMPORT,&KERNEL32.SetEnvironmentVariableA
003881B4,IMPORT,&KERNEL32.FreeEnvironmentStringsW
003881B8,IMPORT,&KERNEL32.GetEnvironmentStringsW
003881BC,IMPORT,&KERNEL32.GetCommandLineW
003881C0,IMPORT,&KERNEL32.GetCommandLineA
003881C4,IMPORT,&KERNEL32.GetOEMCP
003881C8,IMPORT,&KERNEL32.IsValidCodePage
003881CC,IMPORT,&KERNEL32.FindFirstFileExA
003881D0,IMPORT,&KERNEL32.GetTimeZoneInformation
003881D4,IMPORT,&KERNEL32.HeapSize
003881D8,IMPORT,&KERNEL32.GetConsoleCP
003881DC,ANALYSIS_LABEL,_imp__CloseHandle
003881DC,IMPORT,&KERNEL32.CloseHandle
003881E0,IMPORT,&KERNEL32.CreateFileA
003881E4,IMPORT,&KERNEL32.GetFileAttributesA
003881E8,ANALYSIS_LABEL,_imp__Sleep
003881E8,IMPORT,&KERNEL32.Sleep
003881EC,IMPORT,&KERNEL32.SetFilePointer
003881F0,IMPORT,&KERNEL32.WriteFile
003881F4,IMPORT,&KERNEL32.GetSystemTimeAsFileTime
003881F8,IMPORT,&KERNEL32.CreateEventA
003881FC,IMPORT,&KERNEL32.CreateSemaphoreA
00388200,IMPORT,&KERNEL32.FlushFileBuffers
00388204,IMPORT,&KERNEL32.EnumSystemLocalesW
00388208,IMPORT,&KERNEL32.GetUserDefaultLCID
0038820C,IMPORT,&KERNEL32.IsValidLocale
00388210,IMPORT,&KERNEL32.GetTimeFormatW
00388214,IMPORT,&KERNEL32.GetDateFormatW
00388218,IMPORT,&KERNEL32.ReadConsoleW
0038821C,IMPORT,&KERNEL32.GetConsoleMode
00388220,IMPORT,&KERNEL32.GetACP
00388224,IMPORT,&KERNEL32.HeapReAlloc
00388228,IMPORT,&KERNEL32.ExitProcess
0038822C,IMPORT,&KERNEL32.GetModuleHandleExW
00388230,IMPORT,&KERNEL32.ResumeThread
00388234,IMPORT,&KERNEL32.ExitThread
00388238,ANALYSIS_LABEL,_imp__RtlUnwind
00388238,IMPORT,&KERNEL32.RtlUnwind
0038823C,IMPORT,&KERNEL32.LoadLibraryW
00388240,IMPORT,&KERNEL32.WaitForMultipleObjectsEx
00388244,ANALYSIS_LABEL,_imp__UnregisterWaitEx
00388244,IMPORT,&KERNEL32.UnregisterWaitEx
00388248,ANALYSIS_LABEL,_imp__QueryDepthSList
00388248,IMPORT,&KERNEL32.QueryDepthSList
0038824C,ANALYSIS_LABEL,_imp__InterlockedFlushSList
0038824C,IMPORT,&KERNEL32.InterlockedFlushSList
00388250,ANALYSIS_LABEL,_imp__InterlockedPushEntrySList
00388250,IMPORT,&KERNEL32.InterlockedPushEntrySList
00388254,ANALYSIS_LABEL,_imp__InterlockedPopEntrySList
00388254,IMPORT,&KERNEL32.InterlockedPopEntrySList
00388258,IMPORT,&KERNEL32.GetFileSize
0038825C,IMPORT,&KERNEL32.SystemTimeToFileTime
00388260,ANALYSIS_LABEL,_imp__GetVersionExW
00388260,IMPORT,&KERNEL32.GetVersionExW
00388264,ANALYSIS_LABEL,_imp__LoadLibraryExW
00388264,IMPORT,&KERNEL32.LoadLibraryExW
00388268,ANALYSIS_LABEL,_imp__GetModuleFileNameW
00388268,IMPORT,&KERNEL32.GetModuleFileNameW
0038826C,ANALYSIS_LABEL,_imp__FreeLibraryAndExitThread
0038826C,IMPORT,&KERNEL32.FreeLibraryAndExitThread
00388270,ANALYSIS_LABEL,_imp__GetThreadTimes
00388270,IMPORT,&KERNEL32.GetThreadTimes
00388274,IMPORT,&KERNEL32.GetExitCodeProcess
00388278,IMPORT,&KERNEL32.LocalFree
0038827C,IMPORT,&KERNEL32.TryEnterCriticalSection
00388280,ANALYSIS_LABEL,_imp__DuplicateHandle
00388280,IMPORT,&KERNEL32.DuplicateHandle
00388284,ANALYSIS_LABEL,_imp__GetCurrentProcess
00388284,IMPORT,&KERNEL32.GetCurrentProcess
00388288,ANALYSIS_LABEL,_imp__GetExitCodeThread
00388288,IMPORT,&KERNEL32.GetExitCodeThread
0038828C,ANALYSIS_LABEL,_imp__WideCharToMultiByte
0038828C,IMPORT,&KERNEL32.WideCharToMultiByte
00388290,ANALYSIS_LABEL,_imp__SetLastError
00388290,IMPORT,&KERNEL32.SetLastError
00388294,ANALYSIS_LABEL,_imp__CreateEventW
00388294,IMPORT,&KERNEL32.CreateEventW
00388298,ANALYSIS_LABEL,_imp__TlsAlloc
00388298,IMPORT,&KERNEL32.TlsAlloc
0038829C,ANALYSIS_LABEL,_imp__TlsGetValue
0038829C,IMPORT,&KERNEL32.TlsGetValue
003882A0,ANALYSIS_LABEL,_imp__TlsSetValue
003882A0,IMPORT,&KERNEL32.TlsSetValue
003882A4,ANALYSIS_LABEL,_imp__TlsFree
003882A4,IMPORT,&KERNEL32.TlsFree
003882A8,ANALYSIS_LABEL,_imp__GetModuleHandleW
003882A8,IMPORT,&KERNEL32.GetModuleHandleW
003882AC,ANALYSIS_LABEL,_imp__EncodePointer
003882AC,IMPORT,&KERNEL32.EncodePointer
003882B0,ANALYSIS_LABEL,_imp__MultiByteToWideChar
003882B0,IMPORT,&KERNEL32.MultiByteToWideChar
003882B4,ANALYSIS_LABEL,_imp__GetCPInfo
003882B4,IMPORT,&KERNEL32.GetCPInfo
003882B8,IMPORT,&KERNEL32.CompareStringW
003882BC,IMPORT,&KERNEL32.LCMapStringW
003882C0,ANALYSIS_LABEL,_imp__GetLocaleInfoW
003882C0,IMPORT,&KERNEL32.GetLocaleInfoW
003882C4,ANALYSIS_LABEL,_imp__GetStringTypeW
003882C4,IMPORT,&KERNEL32.GetStringTypeW
003882C8,IMPORT,&KERNEL32.FormatMessageA
003882CC,IMPORT,&KERNEL32.GetCurrentDirectoryW
003882D0,IMPORT,&KERNEL32.CreateDirectoryW
003882D4,IMPORT,&KERNEL32.DeleteFileW
003882D8,IMPORT,&KERNEL32.FindFirstFileW
003882DC,IMPORT,&KERNEL32.FindNextFileW
003882E0,IMPORT,&KERNEL32.GetFileAttributesW
003882E4,IMPORT,&KERNEL32.GetFileAttributesExW
003882E8,IMPORT,&KERNEL32.SetEndOfFile
003882EC,IMPORT,&KERNEL32.SetFilePointerEx
003882F0,IMPORT,&KERNEL32.DeviceIoControl
003882F4,IMPORT,&KERNEL32.MoveFileExW
003882F8,IMPORT,&KERNEL32.AreFileApisANSI
003882FC,ANALYSIS_LABEL,_imp__UnhandledExceptionFilter
003882FC,IMPORT,&KERNEL32.UnhandledExceptionFilter
00388300,ANALYSIS_LABEL,_imp__SetUnhandledExceptionFilter
00388300,IMPORT,&KERNEL32.SetUnhandledExceptionFilter
00388304,IMPORT,&KERNEL32.TerminateProcess
00388308,IMPORT,&KERNEL32.IsProcessorFeaturePresent
0038830C,IMPORT,&KERNEL32.InitializeSListHead
00388310,ANALYSIS_LABEL,_imp__IsDebuggerPresent
00388310,IMPORT,&KERNEL32.IsDebuggerPresent
00388314,ANALYSIS_LABEL,_imp__GetStartupInfoW
00388314,IMPORT,&KERNEL32.GetStartupInfoW
00388318,IMPORT,&KERNEL32.GetShortPathNameA
0038831C,IMPORT,&KERNEL32.HeapFree
00388320,IMPORT,&KERNEL32.WaitForDebugEvent
00388324,IMPORT,&KERNEL32.ContinueDebugEvent
00388328,IMPORT,&KERNEL32.GetSystemWindowsDirectoryA
0038832C,IMPORT,&KERNEL32.RtlCaptureStackBackTrace
00388330,IMPORT,&KERNEL32.OpenProcess
00388334,IMPORT,&KERNEL32.GetSystemDirectoryA
00388338,IMPORT,&KERNEL32.K32GetModuleBaseNameA
0038833C,IMPORT,&KERNEL32.K32GetModuleInformation
00388340,IMPORT,&KERNEL32.HeapAlloc
00388344,IMPORT,&KERNEL32.GetThreadContext
00388348,IMPORT,&KERNEL32.CreateFileMappingA
0038834C,IMPORT,&KERNEL32.DebugActiveProcess
00388350,IMPORT,&KERNEL32.ReadProcessMemory
00388354,IMPORT,&KERNEL32.GetProcessHeap
00388358,IMPORT,&KERNEL32.OpenFileMappingA
0038835C,IMPORT,&KERNEL32.CreateProcessA
00388360,IMPORT,&KERNEL32.K32EnumProcessModules
00388364,IMPORT,&KERNEL32.MapViewOfFile
00388368,IMPORT,&KERNEL32.OpenThread
0038836C,IMPORT,&KERNEL32.OutputDebugStringW
00388370,ANALYSIS_LABEL,_imp__CreateTimerQueue
00388370,IMPORT,&KERNEL32.CreateTimerQueue
00388374,IMPORT,&KERNEL32.SignalObjectAndWait
00388378,IMPORT,&KERNEL32.SwitchToThread
0038837C,IMPORT,&KERNEL32.CreateThread
00388380,IMPORT,&KERNEL32.GetThreadPriority
00388384,ANALYSIS_LABEL,_imp__GetLogicalProcessorInformation
00388384,IMPORT,&KERNEL32.GetLogicalProcessorInformation
00388388,IMPORT,&KERNEL32.CreateTimerQueueTimer
0038838C,IMPORT,&KERNEL32.ChangeTimerQueueTimer
00388390,ANALYSIS_LABEL,_imp__DeleteTimerQueueTimer
00388390,IMPORT,&KERNEL32.DeleteTimerQueueTimer
00388394,ANALYSIS_LABEL,_imp__GetNumaHighestNodeNumber
00388394,IMPORT,&KERNEL32.GetNumaHighestNodeNumber
00388398,ANALYSIS_LABEL,_imp__GetProcessAffinityMask
00388398,IMPORT,&KERNEL32.GetProcessAffinityMask
0038839C,ANALYSIS_LABEL,_imp__RegisterWaitForSingleObject
0038839C,IMPORT,&KERNEL32.RegisterWaitForSingleObject
003883A0,IMPORT,&KERNEL32.UnregisterWait
003883B4,IMPORT,&SHELL32.ShellExecuteA
003883B8,IMPORT,&SHELL32.SHFileOperationA
003883C0,IMPORT,&USER32.GetMonitorInfoA
003883C4,IMPORT,&USER32.MessageBoxA
003883C8,IMPORT,&USER32.SetWindowTextA
003883CC,IMPORT,&USER32.GetAsyncKeyState
003883D0,IMPORT,&USER32.EnumDisplaySettingsA
003883D4,IMPORT,&USER32.SetClipboardData
003883D8,IMPORT,&USER32.ReleaseDC
003883DC,IMPORT,&USER32.CallNextHookEx
003883E0,IMPORT,&USER32.MonitorFromWindow
003883E4,IMPORT,&USER32.GetDC
003883E8,IMPORT,&USER32.SendMessageA
003883EC,IMPORT,&USER32.SetCursor
003883F0,IMPORT,&USER32.GetCursorPos
003883F4,IMPORT,&USER32.ShowCursor
003883F8,IMPORT,&USER32.UpdateWindow
003883FC,IMPORT,&USER32.RegisterClassExA
00388400,IMPORT,&USER32.PostQuitMessage
00388404,IMPORT,&USER32.LoadIconA
00388408,IMPORT,&USER32.EmptyClipboard
0038840C,IMPORT,&USER32.IsHungAppWindow
00388410,IMPORT,&USER32.GetWindowRect
00388414,IMPORT,&USER32.GetClientRect
00388418,IMPORT,&USER32.CharPrevA
0038841C,IMPORT,&USER32.CharNextA
00388420,IMPORT,&USER32.GetWindowThreadProcessId
00388424,IMPORT,&USER32.GetWindow
00388428,IMPORT,&USER32.IsWindowVisible
0038842C,IMPORT,&USER32.IsWindow
00388430,IMPORT,&USER32.GetTopWindow
00388434,IMPORT,&USER32.ClipCursor
00388438,IMPORT,&USER32.CloseClipboard
0038843C,IMPORT,&USER32.GetClipboardData
00388440,IMPORT,&USER32.OpenClipboard
00388444,IMPORT,&USER32.GetWindowInfo
00388448,IMPORT,&USER32.AdjustWindowRectEx
0038844C,IMPORT,&USER32.GetMessageA
00388450,IMPORT,&USER32.DispatchMessageA
00388454,IMPORT,&USER32.LoadCursorA
00388458,IMPORT,&USER32.ScreenToClient
0038845C,IMPORT,&USER32.GetActiveWindow
00388460,IMPORT,&USER32.ShowWindow
00388464,IMPORT,&USER32.SetTimer
00388468,IMPORT,&USER32.GetWindowLongA
0038846C,IMPORT,&USER32.DefWindowProcA
00388470,IMPORT,&USER32.CreateWindowExA
00388474,IMPORT,&USER32.TranslateMessage
00388478,IMPORT,&USER32.PeekMessageA
0038847C,IMPORT,&USER32.EnumWindows
00388480,IMPORT,&USER32.GetWindowTextA
00388484,IMPORT,&USER32.FindWindowExA
00388488,IMPORT,&USER32.UnhookWindowsHookEx
0038848C,IMPORT,&USER32.wsprintfA
00388490,IMPORT,&USER32.GetClassNameA
00388494,IMPORT,&USER32.FillRect
00388498,IMPORT,&USER32.PostMessageA
0038849C,IMPORT,&USER32.SetWindowsHookExA
003884A0,IMPORT,&USER32.KillTimer
003884A8,IMPORT,&VERSION.VerQueryValueA
003884AC,IMPORT,&VERSION.GetFileVersionInfoA
003884B0,IMPORT,&VERSION.GetFileVersionInfoSizeA
003884B8,IMPORT,&WINMM.timeBeginPeriod
003884BC,IMPORT,&WINMM.timeGetTime
003884C4,IMPORT,&WINTRUST.WinVerifyTrust
003884CC,IMPORT,&WS2_32.freeaddrinfo
003884D0,IMPORT,&WS2_32.WSASend
003884D4,IMPORT,&WS2_32.WSASendTo
003884D8,IMPORT,&WS2_32.WSARecvFrom
003884DC,IMPORT,&WS2_32.getaddrinfo
003884F8,IMPORT,&WS2_32.WSAStringToAddressW
00388518,IMPORT,&WS2_32.WSASocketW
00388520,IMPORT,&XINPUT9_1_0.XInputGetState
00388524,IMPORT,&XINPUT9_1_0.XInputGetCapabilities
0038852C,IMPORT,&d3d11.D3D11CreateDeviceAndSwapChain
00388534,IMPORT,&d3dx11_43.D3DX11CreateShaderResourceViewFromMemory
0038853C,IMPORT,&d3dx9_43.D3DXVec3Transform
00388540,IMPORT,&d3dx9_43.D3DXMatrixScaling
00388544,IMPORT,&d3dx9_43.D3DXMatrixTranslation
00388548,IMPORT,&d3dx9_43.D3DXMatrixRotationYawPitchRoll
00388550,IMPORT,&dbghelp.SymFunctionTableAccess
00388554,IMPORT,&dbghelp.StackWalk
00388558,IMPORT,&dbghelp.SymGetModuleBase
0038855C,IMPORT,&dbghelp.SymInitialize
00388560,IMPORT,&dbghelp.SymFromAddr
00388564,IMPORT,&dbghelp.SymGetSymFromAddr
0038856C,IMPORT,&ole32.CoSetProxyBlanket
00388570,IMPORT,&ole32.CoCreateInstance
00388574,IMPORT,&ole32.CoUninitialize
00388578,IMPORT,&ole32.CoInitialize
00388580,ANALYSIS_LABEL,___guard_check_icall_fptr
00388C58,ANALYSIS_LABEL,<TLSCallbacks>
00388C94,ANALYSIS_LABEL,SQRefCounted::`vftable'
00388D00,ANALYSIS_LABEL,`string'
00388D30,ANALYSIS_LABEL,`string'
00388D58,ANALYSIS_LABEL,`string'
00388D6C,ANALYSIS_LABEL,`string'
00388D98,ANALYSIS_LABEL,`string'
00388DA8,ANALYSIS_LABEL,`string'
00388EA4,ANALYSIS_LABEL,`string'
00388EB8,ANALYSIS_LABEL,`string'
00388F0C,ANALYSIS_LABEL,`string'
00388F20,ANALYSIS_LABEL,`string'
00388FAC,ANALYSIS_LABEL,`string'
00389050,ANALYSIS_LABEL,`string'
003890DC,ANALYSIS_LABEL,`string'
003890F8,ANALYSIS_LABEL,`string'
00389118,ANALYSIS_LABEL,`string'
0038916C,ANALYSIS_LABEL,`string'
003891D4,ANALYSIS_LABEL,`string'
003891DC,ANALYSIS_LABEL,`string'
003891E4,ANALYSIS_LABEL,`string'
003891EC,ANALYSIS_LABEL,`string'
00389210,ANALYSIS_LABEL,`string'
00389298,ANALYSIS_LABEL,`string'
003892A0,ANALYSIS_LABEL,`string'
003892A8,ANALYSIS_LABEL,`string'
003892B4,ANALYSIS_LABEL,`string'
003892C0,ANALYSIS_LABEL,`string'
003892C8,ANALYSIS_LABEL,`string'
00389360,ANALYSIS_LABEL,`string'
00389388,ANALYSIS_LABEL,`string'
003893D8,ANALYSIS_LABEL,`string'
00389418,ANALYSIS_LABEL,SQString::`vftable'
003894A8,ANALYSIS_LABEL,SQVM::`vftable'
003894EC,ANALYSIS_LABEL,`string'
00389510,ANALYSIS_LABEL,`string'
00389558,ANALYSIS_LABEL,`string'
00389900,ANALYSIS_LABEL,SQTable::`vftable'
00389C6C,ANALYSIS_LABEL,SQClass::`vftable'
00389CA0,ANALYSIS_LABEL,_xmm
00389D54,ANALYSIS_LABEL,`string'
00389DA4,ANALYSIS_LABEL,`string'
00389E2C,ANALYSIS_LABEL,`string'
00389E38,ANALYSIS_LABEL,`string'
00389E40,ANALYSIS_LABEL,`string'
00389EC0,ANALYSIS_LABEL,`string'
00389F40,ANALYSIS_LABEL,`string'
00389F48,ANALYSIS_LABEL,`string'
00389F4C,ANALYSIS_LABEL,`string'
00389F54,ANALYSIS_LABEL,`string'
00389F70,ANALYSIS_LABEL,`string'
0038A0F4,ANALYSIS_LABEL,`string'
0038A138,ANALYSIS_LABEL,`string'
0038A148,ANALYSIS_LABEL,`string'
0038A154,ANALYSIS_LABEL,`string'
0038A16C,ANALYSIS_LABEL,`string'
0038A178,ANALYSIS_LABEL,`string'
0038A184,ANALYSIS_LABEL,`string'
0038A470,ANALYSIS_LABEL,`string'
0038A47C,ANALYSIS_LABEL,`string'
0038A49C,ANALYSIS_LABEL,`string'
0038A4A8,ANALYSIS_LABEL,`string'
0038A4B4,ANALYSIS_LABEL,`string'
0038A4C0,ANALYSIS_LABEL,`string'
0038A4CC,ANALYSIS_LABEL,`string'
0038A4E0,ANALYSIS_LABEL,`string'
0038A4EC,ANALYSIS_LABEL,`string'
0038A4F8,ANALYSIS_LABEL,`string'
0038A504,ANALYSIS_LABEL,`string'
0038A514,ANALYSIS_LABEL,`string'
0038A528,ANALYSIS_LABEL,`string'
0038A538,ANALYSIS_LABEL,`string'
0038A548,ANALYSIS_LABEL,`string'
0038A558,ANALYSIS_LABEL,`string'
0038A564,ANALYSIS_LABEL,`string'
0038A574,ANALYSIS_LABEL,`string'
0038A584,ANALYSIS_LABEL,`string'
0038A5D0,ANALYSIS_LABEL,`string'
0038A600,ANALYSIS_LABEL,SQFile::`vftable'
0038A624,ANALYSIS_LABEL,`string'
0038A6A0,ANALYSIS_LABEL,`string'
0038A6C4,ANALYSIS_LABEL,`string'
0038A6DC,ANALYSIS_LABEL,`string'
0038A6E0,ANALYSIS_LABEL,`string'
0038A6E8,ANALYSIS_LABEL,`string'
0038A6F0,ANALYSIS_LABEL,`string'
0038A748,ANALYSIS_LABEL,`string'
0038A760,ANALYSIS_LABEL,`string'
0038A778,ANALYSIS_LABEL,`string'
0038A788,ANALYSIS_LABEL,`string'
0038A79C,ANALYSIS_LABEL,`string'
0038A7F4,ANALYSIS_LABEL,SQBlob::`vftable'
0038A868,ANALYSIS_LABEL,`string'
0038A8C4,ANALYSIS_LABEL,`string'
0038B528,ANALYSIS_LABEL,__real@3f1a36e2eb1c432d
0038B5F8,ANALYSIS_LABEL,std::exception::`vftable'
003B5B24,ANALYSIS_LABEL,`string'
003B83EC,ANALYSIS_LABEL,`string'
003CA3A0,ANALYSIS_LABEL,codes
003CA4A8,ANALYSIS_LABEL,std::_Generic_error_category::`vftable'
003CA4C4,ANALYSIS_LABEL,std::bad_alloc::`vftable'
003CA52C,ANALYSIS_LABEL,std::regex_error::`vftable'
003CA538,ANALYSIS_LABEL,`string'
003CA590,ANALYSIS_LABEL,`string'
003CA5E8,ANALYSIS_LABEL,`string'
003CA650,ANALYSIS_LABEL,`string'
003CA6A0,ANALYSIS_LABEL,`string'
003CA6E8,ANALYSIS_LABEL,`string'
003CA730,ANALYSIS_LABEL,`string'
003CA778,ANALYSIS_LABEL,`string'
003CA7D8,ANALYSIS_LABEL,`string'
003CA848,ANALYSIS_LABEL,`string'
003CA8B8,ANALYSIS_LABEL,`string'
003CA918,ANALYSIS_LABEL,`string'
003CA998,ANALYSIS_LABEL,`string'
003CAA2C,ANALYSIS_LABEL,`string'
003CAA48,ANALYSIS_LABEL,`string'
003CAA64,ANALYSIS_LABEL,`string'
003CAABC,ANALYSIS_LABEL,std::_Facet_base::`vftable'
003CAACC,ANALYSIS_LABEL,std::locale::_Locimp::`vftable'
003CAAD8,ANALYSIS_LABEL,std::_BADOFF
003CB0C8,ANALYSIS_LABEL,std::_Sys_errtab
003CB524,ANALYSIS_LABEL,std::ctype<char>::`vftable'
003CB5C4,ANALYSIS_LABEL,"std::basic_filebuf<char,std::char_traits<char> >::`vftable'"
003CB614,ANALYSIS_LABEL,"std::codecvt<char,char,_Mbstatet>::`vftable'"
003CB63C,ANALYSIS_LABEL,`string'
003CB658,ANALYSIS_LABEL,`string'
003CB664,ANALYSIS_LABEL,`string'
003CB66C,ANALYSIS_LABEL,`string'
003CB678,ANALYSIS_LABEL,`string'
003CB684,ANALYSIS_LABEL,`string'
003CB9CC,ANALYSIS_LABEL,"std::num_get<char,std::istreambuf_iterator<char,std::char_traits<char> > >::`vftable'"
003CBA08,ANALYSIS_LABEL,"std::num_put<char,std::ostreambuf_iterator<char,std::char_traits<char> > >::`vftable'"
003CBA38,ANALYSIS_LABEL,std::numpunct<char>::`vftable'
003CBA6C,ANALYSIS_LABEL,`string'
003CBA70,ANALYSIS_LABEL,`string'
003CBAC0,ANALYSIS_LABEL,`string'
003CBB18,ANALYSIS_LABEL,`string'
003CBBA0,ANALYSIS_LABEL,`string'
003CBC50,ANALYSIS_LABEL,`string'
003CC268,ANALYSIS_LABEL,`string'
003CC2EC,ANALYSIS_LABEL,`string'
003CC314,ANALYSIS_LABEL,`string'
003CC350,ANALYSIS_LABEL,`string'
003CC3CC,ANALYSIS_LABEL,`string'
003CC3D0,ANALYSIS_LABEL,__real@4733426172c74d82
003CC3DC,ANALYSIS_LABEL,std::collate<char>::`vftable'
003CC3F8,ANALYSIS_LABEL,std::messages<char>::`vftable'
003CC414,ANALYSIS_LABEL,"std::money_get<char,std::istreambuf_iterator<char,std::char_traits<char> > >::`vftable'"
003CC42C,ANALYSIS_LABEL,"std::money_put<char,std::ostreambuf_iterator<char,std::char_traits<char> > >::`vftable'"
003CC444,ANALYSIS_LABEL,std::_Mpunct<char>::`vftable'
003CC478,ANALYSIS_LABEL,"std::moneypunct<char,0>::`vftable'"
003CC4AC,ANALYSIS_LABEL,"std::moneypunct<char,1>::`vftable'"
003CC50C,ANALYSIS_LABEL,"std::time_put<char,std::ostreambuf_iterator<char,std::char_traits<char> > >::`vftable'"
003CC51C,ANALYSIS_LABEL,`string'
003CC524,ANALYSIS_LABEL,"`std::money_put<char,std::ostreambuf_iterator<char,std::char_traits<char> > >::do_put'::`2'::_Src"
003CC564,ANALYSIS_LABEL,_ndigs
003CC5B4,ANALYSIS_LABEL,_ndigs
003CCD00,ANALYSIS_LABEL,LocaleNameToIndexTable
003CD6E0,ANALYSIS_LABEL,type_info::`vftable'
003CD6F8,ANALYSIS_LABEL,_DP2to32
003CD700,ANALYSIS_LABEL,_MantissaMask
003CD708,ANALYSIS_LABEL,_IntegerBit
003CD720,ANALYSIS_LABEL,_MinInt64
003CD728,ANALYSIS_LABEL,_MaxInt64
003CD730,ANALYSIS_LABEL,_MaxUInt64
003CD738,ANALYSIS_LABEL,_MaxFP32
003CD740,ANALYSIS_LABEL,_MinFP32
003CD748,ANALYSIS_LABEL,_MinSubInexact
003CD750,ANALYSIS_LABEL,_FpExcptTable
003CD760,ANALYSIS_LABEL,_i1075
003CD770,ANALYSIS_LABEL,_CWMask
003CD848,ANALYSIS_LABEL,Concurrency::details::SingleWaitBlock::`vftable'
003CD860,ANALYSIS_LABEL,Concurrency::details::MultiWaitBlock::`vftable'
003CD87C,ANALYSIS_LABEL,Concurrency::details::WaitAllBlock::`vftable'
003CD898,ANALYSIS_LABEL,Concurrency::details::WaitAnyBlock::`vftable'
003CD8B4,ANALYSIS_LABEL,Concurrency::details::TimedSingleWaitBlock::`vftable'
003CD8CC,ANALYSIS_LABEL,Concurrency::details::_MallocaArrayHolder<Concurrency::Context *>::`vftable'
003CD8D0,ANALYSIS_LABEL,`string'
003CD8E4,ANALYSIS_LABEL,`string'
003CD950,ANALYSIS_LABEL,`string'
003CD990,ANALYSIS_LABEL,Concurrency::details::GlobalCore::TopologyObject::`vftable'
003CD99C,ANALYSIS_LABEL,Concurrency::details::GlobalNode::TopologyObject::`vftable'
003CD9B4,ANALYSIS_LABEL,Concurrency::details::ResourceManager::`vftable'
003CD9CC,ANALYSIS_LABEL,`string'
003CD9D4,ANALYSIS_LABEL,`string'
003CD9E0,ANALYSIS_LABEL,__real@3e7ad7f29abcaf48
003CD9E8,ANALYSIS_LABEL,__real@41f0000000000000
003CDA64,ANALYSIS_LABEL,Concurrency::details::_Chore::`vftable'
003CDA6C,ANALYSIS_LABEL,Concurrency::details::RealizedChore::`vftable'
003CDAEC,ANALYSIS_LABEL,Concurrency::details::CacheLocalScheduleGroup::`vftable'
003CDB2C,ANALYSIS_LABEL,Concurrency::details::FairScheduleGroup::`vftable'
003CDB54,ANALYSIS_LABEL,`string'
003CDB60,ANALYSIS_LABEL,`string'
003CDBE8,ANALYSIS_LABEL,Concurrency::Context::`vftable'
003CDC04,ANALYSIS_LABEL,Concurrency::details::ContextBase::`vftable'
003CDC50,ANALYSIS_LABEL,`std::_Memory_order_upper_bound'::`2'::_Upper
003CDCF0,ANALYSIS_LABEL,Concurrency::details::_RefCounter::`vftable'
003CDCFC,ANALYSIS_LABEL,Concurrency::details::_CancellationTokenRegistration::`vftable'
003CDD0C,ANALYSIS_LABEL,Concurrency::details::CancellationTokenRegistration_TaskProc::`vftable'
003CDE04,ANALYSIS_LABEL,Concurrency::details::ExecutionResource::`vftable'
003CDE18,ANALYSIS_LABEL,__real@3f70624dd2f1a9fc
003CDE20,ANALYSIS_LABEL,__real@3fc3333333333333
003CDE28,ANALYSIS_LABEL,__real@bff0000000000000
003CDE5C,ANALYSIS_LABEL,`string'
003CDEB8,ANALYSIS_LABEL,Concurrency::details::FreeThreadProxy::`vftable'
003CDED4,ANALYSIS_LABEL,Concurrency::details::IThreadProxyFactory::`vftable'
003CDEEC,ANALYSIS_LABEL,Concurrency::details::ThreadProxyFactory<Concurrency::details::FreeThreadProxy>::s_proxyStackSize
003CDF2C,ANALYSIS_LABEL,Concurrency::details::FreeThreadProxyFactory::`vftable'
003CDF54,ANALYSIS_LABEL,Concurrency::ConcRT_ProviderGuid
003CDF74,ANALYSIS_LABEL,Concurrency::SchedulerEventGuid
003CDF94,ANALYSIS_LABEL,Concurrency::ContextEventGuid
003CDFB4,ANALYSIS_LABEL,Concurrency::VirtualProcessorEventGuid
003CE26C,ANALYSIS_LABEL,Concurrency::IExecutionContext::`vftable'
003CE284,ANALYSIS_LABEL,Concurrency::details::InternalContextBase::`vftable'
003CE2AC,ANALYSIS_LABEL,Concurrency::details::InternalContextBase::`vftable'
003CE2F4,ANALYSIS_LABEL,`string'
003CE308,ANALYSIS_LABEL,Concurrency::details::ScheduleGroupSegmentBase::`vftable'
003CE31C,ANALYSIS_LABEL,Concurrency::details::ScheduleGroupBase::`vftable'
003CE344,ANALYSIS_LABEL,`string'
003CE350,ANALYSIS_LABEL,Concurrency::details::ExternalContextBase::`vftable'
003CE39C,ANALYSIS_LABEL,Concurrency::IScheduler::`vftable'
003CE3BC,ANALYSIS_LABEL,Concurrency::details::ThreadInternalContext::`vftable'
003CE3E4,ANALYSIS_LABEL,Concurrency::details::ThreadInternalContext::`vftable'
003CE430,ANALYSIS_LABEL,Concurrency::details::ThreadScheduler::`vftable'
003CE450,ANALYSIS_LABEL,Concurrency::details::ThreadScheduler::`vftable'
003CE4B4,ANALYSIS_LABEL,Concurrency::details::VirtualProcessorRoot::`vftable'
003CE4E0,ANALYSIS_LABEL,Concurrency::details::FreeVirtualProcessorRoot::`vftable'
003CE508,ANALYSIS_LABEL,`string'
003CE518,ANALYSIS_LABEL,Concurrency::details::ThreadProxy::`vftable'
003CE534,ANALYSIS_LABEL,Concurrency::details::ThreadVirtualProcessor::`vftable'
003CE580,ANALYSIS_LABEL,`string'
003CE5A4,ANALYSIS_LABEL,`string'
003CE5CC,ANALYSIS_LABEL,`string'
003CE5F0,ANALYSIS_LABEL,`string'
003CE738,ANALYSIS_LABEL,nameTable
003CE87C,ANALYSIS_LABEL,rttiTable
003CE948,ANALYSIS_LABEL,`string'
003CE94C,ANALYSIS_LABEL,`string'
003CE9F8,ANALYSIS_LABEL,`string'
003CEE3C,ANALYSIS_LABEL,`string'
003CEE44,ANALYSIS_LABEL,`string'
003CEE48,ANALYSIS_LABEL,`string'
003CEE5C,ANALYSIS_LABEL,`string'
003CEE6C,ANALYSIS_LABEL,`string'
003CEE70,ANALYSIS_LABEL,`string'
003CEE74,ANALYSIS_LABEL,`string'
003CEE8C,ANALYSIS_LABEL,`string'
003CEE90,ANALYSIS_LABEL,`string'
003CEEB0,ANALYSIS_LABEL,`string'
003CEEB8,ANALYSIS_LABEL,`string'
003CEF28,ANALYSIS_LABEL,`string'
003CEF2C,ANALYSIS_LABEL,`string'
003CEF30,ANALYSIS_LABEL,`string'
003CEF40,ANALYSIS_LABEL,`string'
003CEF4C,ANALYSIS_LABEL,`string'
003CEF58,ANALYSIS_LABEL,`string'
003CEF7C,ANALYSIS_LABEL,`string'
003CEFB0,ANALYSIS_LABEL,`string'
003CEFE0,ANALYSIS_LABEL,`string'
003CEFE8,ANALYSIS_LABEL,`string'
003CEFF4,ANALYSIS_LABEL,`string'
003CF000,ANALYSIS_LABEL,`string'
003CF00C,ANALYSIS_LABEL,`string'
003CF018,ANALYSIS_LABEL,`string'
003CF024,ANALYSIS_LABEL,`string'
003CF030,ANALYSIS_LABEL,`string'
003CF034,ANALYSIS_LABEL,`string'
003CF03C,ANALYSIS_LABEL,`string'
003CF044,ANALYSIS_LABEL,`string'
003CF04C,ANALYSIS_LABEL,`string'
003CF054,ANALYSIS_LABEL,`string'
003CF060,ANALYSIS_LABEL,`string'
003CF094,ANALYSIS_LABEL,`string'
003CF0A0,ANALYSIS_LABEL,`string'
003CF0A8,ANALYSIS_LABEL,`string'
003CF0B4,ANALYSIS_LABEL,`string'
003CF0BC,ANALYSIS_LABEL,`string'
003CF0C0,ANALYSIS_LABEL,`string'
003CF0C4,ANALYSIS_LABEL,`string'
003CF160,ANALYSIS_LABEL,`string'
003CF170,ANALYSIS_LABEL,`string'
003CF178,ANALYSIS_LABEL,`string'
003CF180,ANALYSIS_LABEL,`string'
003CF188,ANALYSIS_LABEL,`string'
003CF194,ANALYSIS_LABEL,`string'
003CF1A4,ANALYSIS_LABEL,`string'
003CF1AC,ANALYSIS_LABEL,`string'
003CF1B8,ANALYSIS_LABEL,`string'
003CF1C0,ANALYSIS_LABEL,`string'
003CF1C4,ANALYSIS_LABEL,`string'
003CF1C8,ANALYSIS_LABEL,`string'
003CF1D4,ANALYSIS_LABEL,`string'
003CF1E4,ANALYSIS_LABEL,`string'
003CF1E8,ANALYSIS_LABEL,`string'
003CF1F0,ANALYSIS_LABEL,`string'
003CF1F8,ANALYSIS_LABEL,`string'
003CF200,ANALYSIS_LABEL,charNode::`vftable'
003CF210,ANALYSIS_LABEL,pcharNode::`vftable'
003CF220,ANALYSIS_LABEL,pDNameNode::`vftable'
003CF230,ANALYSIS_LABEL,DNameStatusNode::`vftable'
003CF240,ANALYSIS_LABEL,pairNode::`vftable'
003CF24C,ANALYSIS_LABEL,`string'
003D1650,ANALYSIS_LABEL,__indefinite
003D165A,ANALYSIS_LABEL,__piby2
003D7270,ANALYSIS_LABEL,emask
003D7280,ANALYSIS_LABEL,mmask
003D7290,ANALYSIS_LABEL,bias
003D72A0,ANALYSIS_LABEL,Shifter
003D72C0,ANALYSIS_LABEL,cv
003D7310,ANALYSIS_LABEL,ONE_val
003D7330,ANALYSIS_LABEL,INF
003D7338,ANALYSIS_LABEL,ZERO
003D7340,ANALYSIS_LABEL,XMAX
003D7348,ANALYSIS_LABEL,XMIN
003D9A10,ANALYSIS_LABEL,Tbl_addr
003DA8E0,ANALYSIS_LABEL,`string'
003DA8EC,ANALYSIS_LABEL,`string'
003DA914,ANALYSIS_LABEL,`string'
003DE47C,ANALYSIS_LABEL,"std::_Ref_count_obj_alloc<__ExceptionPtr,_StaticAllocator<int> >::`vftable'"
003DE490,ANALYSIS_LABEL,std::_Ref_count_obj<__ExceptionPtr>::`vftable'
003E28C4,ANALYSIS_LABEL,`string'
003E2BA4,ANALYSIS_LABEL,`string'
003E303C,ANALYSIS_LABEL,`string'
00443160,ANALYSIS_LABEL,`string'
00443178,ANALYSIS_LABEL,`string'
00443A7C,ANALYSIS_LABEL,`string'
004453F8,ANALYSIS_LABEL,`string'
00448798,ANALYSIS_LABEL,`string'
004487A0,ANALYSIS_LABEL,`string'
004487A8,ANALYSIS_LABEL,`string'
004487B4,ANALYSIS_LABEL,`string'
00449370,ANALYSIS_LABEL,`string'
004497E0,ANALYSIS_LABEL,`string'
00449E14,ANALYSIS_LABEL,`string'
0044BF0C,ANALYSIS_LABEL,`string'
0044CA34,ANALYSIS_LABEL,`string'
0044CAE8,ANALYSIS_LABEL,`string'
0044CBE4,ANALYSIS_LABEL,_real
0044CBE8,ANALYSIS_LABEL,_real
0044CDB8,ANALYSIS_LABEL,_real
0044CE58,ANALYSIS_LABEL,__real@4202a05f20000000
0044F47C,ANALYSIS_LABEL,<STRUCT IMAGE_TLS_DIRECTORY>
00477C30,ANALYSIS_LABEL,__ehfuncinfo$?overflow@?$basic_filebuf@DU?$char_traits@D@std@@@std@@MAEHH@Z
0047A48C,ANALYSIS_LABEL,__ehfuncinfo$?PushRunnableToInactive@SchedulerBase@details@Concurrency@@UAE_NPAVInternalContextBase@23@Vlocation@3@@Z
0047CFC0,ANALYSIS_LABEL,__ehfuncinfo$?SetTaskExecutionResources@ResourceManager@details@Concurrency@@SAXK@Z
0047D23C,ANALYSIS_LABEL,__ehfuncinfo$??0_System_error@std@@IAE@Verror_code@1@ABV?$basic_string@DU?$char_traits@D@std@@V?$allocator@D@2@@1@@Z
00481ABC,ANALYSIS_LABEL,__ehfuncinfo$?do_put@?$time_put@DV?$ostreambuf_iterator@DU?$char_traits@D@std@@@std@@@std@@MBE?AV?$ostreambuf_iterator@DU?$char_traits@D@std@@@2@V32@AAVios_base@2@DPBUtm@@DD@Z
00483278,ANALYSIS_LABEL,__ehfuncinfo$?SyncPop@?$WorkStealingQueue@V_UnrealizedChore@details@Concurrency@@V_CriticalNonReentrantLock@23@@details@Concurrency@@AAEPAV_UnrealizedChore@23@XZ
004848C8,ANALYSIS_LABEL,__ehfuncinfo$?RemoveExecutionResource@ResourceManager@details@Concurrency@@QAEXPAVExecutionResource@23@@Z
0048A6A8,ANALYSIS_LABEL,__ehfuncinfo$??0system_error@std@@QAE@HABVerror_category@1@PBD@Z
0048F2F0,ANALYSIS_LABEL,__ehfuncinfo$?StartupNewVirtualProcessor@SchedulerBase@details@Concurrency@@UAEXPAVScheduleGroupSegmentBase@23@Vlocation@3@@Z
0048F31C,ANALYSIS_LABEL,__ehfuncinfo$?FoundAvailableVirtualProcessor@SchedulingNode@details@Concurrency@@AAE_NAAVClaimTicket@VirtualProcessor@23@Vlocation@3@K@Z
00490818,ANALYSIS_LABEL,__TI4?AVsystem_error@std@@
0049083C,ANALYSIS_LABEL,__TI2?AVbad_alloc@std@@
00490858,ANALYSIS_LABEL,__TI3?AVinvalid_argument@std@@
00490950,ANALYSIS_LABEL,__ehfuncinfo$?_New_Locimp@_Locimp@locale@std@@CAPAV123@ABV123@@Z
00490AF4,ANALYSIS_LABEL,__ehfuncinfo$?_Locimp_ctor@_Locimp@locale@std@@CAXPAV123@ABV123@@Z
00490C40,ANALYSIS_LABEL,__ehfuncinfo$?_Getifld@?$num_get@DV?$istreambuf_iterator@DU?$char_traits@D@std@@@std@@@std@@ABAHPADAAV?$istreambuf_iterator@DU?$char_traits@D@std@@@2@1HABVlocale@2@@Z
00490C84,ANALYSIS_LABEL,__ehfuncinfo$?_Getffld@?$num_get@DV?$istreambuf_iterator@DU?$char_traits@D@std@@@std@@@std@@ABAHPADAAV?$istreambuf_iterator@DU?$char_traits@D@std@@@2@1AAVios_base@2@PAH@Z
00490CC8,ANALYSIS_LABEL,__ehfuncinfo$?_Getffldx@?$num_get@DV?$istreambuf_iterator@DU?$char_traits@D@std@@@std@@@std@@ABAHPADAAV?$istreambuf_iterator@DU?$char_traits@D@std@@@2@1AAVios_base@2@PAH@Z
00490CFC,ANALYSIS_LABEL,__ehfuncinfo$?do_put@?$num_put@DV?$ostreambuf_iterator@DU?$char_traits@D@std@@@std@@@std@@MBE?AV?$ostreambuf_iterator@DU?$char_traits@D@std@@@2@V32@AAVios_base@2@D_N@Z
00490D6C,ANALYSIS_LABEL,__ehfuncinfo$?_Fput@?$num_put@DV?$ostreambuf_iterator@DU?$char_traits@D@std@@@std@@@std@@ABA?AV?$ostreambuf_iterator@DU?$char_traits@D@std@@@2@V32@AAVios_base@2@DPBDI@Z
00491B5C,ANALYSIS_LABEL,__ehfuncinfo$?do_get@?$money_get@DV?$istreambuf_iterator@DU?$char_traits@D@std@@@std@@@std@@MBE?AV?$istreambuf_iterator@DU?$char_traits@D@std@@@2@V32@0_NAAVios_base@2@AAHAAV?$basic_string@DU?$char_traits@D@std@@V?$allocator@D@2@@2@@Z
00491C48,ANALYSIS_LABEL,__ehfuncinfo$?do_put@?$money_put@DV?$ostreambuf_iterator@DU?$char_traits@D@std@@@std@@@std@@MBE?AV?$ostreambuf_iterator@DU?$char_traits@D@std@@@2@V32@_NAAVios_base@2@DABV?$basic_string@DU?$char_traits@D@std@@V?$allocator@D@2@@2@@Z
00491DA4,ANALYSIS_LABEL,__ehfuncinfo$?do_put@?$time_put@DV?$ostreambuf_iterator@DU?$char_traits@D@std@@@std@@@std@@MBE?AV?$ostreambuf_iterator@DU?$char_traits@D@std@@@2@V32@AAVios_base@2@DPBUtm@@DD@Z
00492CB8,ANALYSIS_LABEL,__ehfuncinfo$?wait_for_multiple@event@Concurrency@@SAIPAPAV12@I_NI@Z
00492CE4,ANALYSIS_LABEL,__ehfuncinfo$?wait@_Condition_variable@details@Concurrency@@QAEXAAVcritical_section@3@@Z
00492D18,ANALYSIS_LABEL,__ehfuncinfo$?wait_for@_Condition_variable@details@Concurrency@@QAE_NAAVcritical_section@3@I@Z
00492DA4,ANALYSIS_LABEL,__ehfuncinfo$?try_lock_for@critical_section@Concurrency@@QAE_NI@Z
00492DF4,ANALYSIS_LABEL,__TI2?AVimproper_lock@Concurrency@@
00492E2C,ANALYSIS_LABEL,__TI2?AVscheduler_resource_allocation_error@Concurrency@@
00492EB0,ANALYSIS_LABEL,__ehfuncinfo$?CreateSingleton@ResourceManager@details@Concurrency@@SAPAV123@XZ
00492F4C,ANALYSIS_LABEL,__ehfuncinfo$?RequestInitialVirtualProcessors@ResourceManager@details@Concurrency@@QAEPAUIExecutionResource@3@PAVSchedulerProxy@23@_N@Z
00492F78,ANALYSIS_LABEL,__ehfuncinfo$?CreateAllocatedNodeData@ResourceManager@details@Concurrency@@QAEPAUSchedulerNode@23@XZ
00492FAC,ANALYSIS_LABEL,__ehfuncinfo$??0ResourceManager@details@Concurrency@@AAE@XZ
00492FD8,ANALYSIS_LABEL,__ehfuncinfo$?CaptureProcessAffinity@ResourceManager@details@Concurrency@@CAXXZ
0049300C,ANALYSIS_LABEL,__ehfuncinfo$?CreateSchedulerProxy@ResourceManager@details@Concurrency@@AAEPAVSchedulerProxy@23@PAUIScheduler@3@@Z
00493064,ANALYSIS_LABEL,__TI2?AVunsupported_os@Concurrency@@
0049309C,ANALYSIS_LABEL,__TI2?AVinvalid_operation@Concurrency@@
004931B0,ANALYSIS_LABEL,__ehfuncinfo$?GetSubAllocator@SchedulerBase@details@Concurrency@@SAPAVSubAllocator@23@_N@Z
004931DC,ANALYSIS_LABEL,__ehfuncinfo$?GetBitSet@SchedulerBase@details@Concurrency@@QAE?AVQuickBitSet@23@PBVlocation@3@@Z
00493220,ANALYSIS_LABEL,__ehfuncinfo$?Initialize@SchedulerBase@details@Concurrency@@AAEXXZ
0049324C,ANALYSIS_LABEL,__ehfuncinfo$?GetExternalContext@SchedulerBase@details@Concurrency@@AAEPAVExternalContextBase@23@_N@Z
00493280,ANALYSIS_LABEL,__ehfuncinfo$?GetDefaultScheduler@SchedulerBase@details@Concurrency@@CAPAV123@XZ
004932B4,ANALYSIS_LABEL,__ehfuncinfo$?InternalCreateScheduleGroup@SchedulerBase@details@Concurrency@@AAEPAVScheduleGroup@3@PAVlocation@3@@Z
004932E0,ANALYSIS_LABEL,__ehfuncinfo$?AllocateSegment@CacheLocalScheduleGroup@details@Concurrency@@MAEPAVScheduleGroupSegmentBase@23@PAVSchedulingRing@23@PAVlocation@3@@Z
0049330C,ANALYSIS_LABEL,__ehfuncinfo$?AllocateSegment@FairScheduleGroup@details@Concurrency@@MAEPAVScheduleGroupSegmentBase@23@PAVSchedulingRing@23@PAVlocation@3@@Z
00493330,ANALYSIS_LABEL,__TI2?AVimproper_scheduler_reference@Concurrency@@
00493368,ANALYSIS_LABEL,__TI2?AVimproper_scheduler_attach@Concurrency@@
004933B8,ANALYSIS_LABEL,__ehfuncinfo$?SyncPop@?$WorkStealingQueue@V_UnrealizedChore@details@Concurrency@@V_CriticalNonReentrantLock@23@@details@Concurrency@@AAEPAV_UnrealizedChore@23@XZ
004933F4,ANALYSIS_LABEL,__ehfuncinfo$??0ContextBase@details@Concurrency@@QAE@PAVSchedulerBase@12@_N@Z
004934D8,ANALYSIS_LABEL,__ehfuncinfo$?_Alias@_TaskCollection@details@Concurrency@@AAEPAV123@XZ
00493504,ANALYSIS_LABEL,__ehfuncinfo$?_FullAliasWait@_TaskCollection@details@Concurrency@@AAEXPAV123@@Z
004935DC,ANALYSIS_LABEL,__ehfuncinfo$?_DeregisterCallback@_CancellationTokenState@details@Concurrency@@QAEXPAV_CancellationTokenRegistration@23@@Z
00493600,ANALYSIS_LABEL,__TI2?AVmissing_wait@Concurrency@@
00493638,ANALYSIS_LABEL,__TI2?AV_Interruption_exception@details@Concurrency@@
004936C8,ANALYSIS_LABEL,__TI2?AVinvalid_scheduler_policy_key@Concurrency@@
00493700,ANALYSIS_LABEL,__TI2?AVinvalid_scheduler_policy_value@Concurrency@@
00493738,ANALYSIS_LABEL,__TI2?AVinvalid_scheduler_policy_thread_specification@Concurrency@@
004937B4,ANALYSIS_LABEL,__ehfuncinfo$?CreateOversubscriber@SchedulerProxy@details@Concurrency@@UAEPAUIVirtualProcessorRoot@3@PAUIExecutionResource@3@@Z
0049380C,ANALYSIS_LABEL,__ehfuncinfo$?CreateVirtualProcessorRoot@SchedulerProxy@details@Concurrency@@UAEPAVVirtualProcessorRoot@23@PAUSchedulerNode@23@I@Z
004938A8,ANALYSIS_LABEL,__ehfuncinfo$?SendCoreNotification@SchedulerProxy@details@Concurrency@@QAEXPAUSchedulerCore@23@_N@Z
00493934,ANALYSIS_LABEL,__ehfuncinfo$?Create@FreeThreadProxyFactory@details@Concurrency@@EAEPAVFreeThreadProxy@23@I@Z
004939F4,ANALYSIS_LABEL,__ehfuncinfo$?Dispatch@InternalContextBase@details@Concurrency@@UAEXPAUDispatchState@3@@Z
00493A4C,ANALYSIS_LABEL,__TI2?AVcontext_unblock_unbalanced@Concurrency@@
00493A84,ANALYSIS_LABEL,__TI2?AVcontext_self_unblock@Concurrency@@
00493B3C,ANALYSIS_LABEL,__ehfuncinfo$??0SchedulingRing@details@Concurrency@@QAE@PAVSchedulerBase@12@H@Z
00493B70,ANALYSIS_LABEL,__ehfuncinfo$??0?$Mailbox@V_UnrealizedChore@details@Concurrency@@@details@Concurrency@@QAE@PAVSchedulerBase@12@ABVQuickBitSet@12@_NI@Z
00493B9C,ANALYSIS_LABEL,__ehfuncinfo$?Grow@?$Mailbox@V_UnrealizedChore@details@Concurrency@@@details@Concurrency@@AAEPAUSegment@123@PAU4123@@Z
00493BC8,ANALYSIS_LABEL,__ehfuncinfo$?DemandInitialize@?$Mailbox@V_UnrealizedChore@details@Concurrency@@@details@Concurrency@@AAEXXZ
00493CF8,ANALYSIS_LABEL,__ehfuncinfo$?Create@ThreadScheduler@details@Concurrency@@SAPAV123@ABVSchedulerPolicy@3@@Z
00493D24,ANALYSIS_LABEL,__ehfuncinfo$?CreateVirtualProcessor@ThreadScheduler@details@Concurrency@@UAEPAVVirtualProcessor@23@PAVSchedulingNode@23@PAUIVirtualProcessorRoot@3@@Z
00493D50,ANALYSIS_LABEL,__ehfuncinfo$?CreateInternalContext@ThreadScheduler@details@Concurrency@@MAEPAVInternalContextBase@23@XZ
00493DDC,ANALYSIS_LABEL,__ehfuncinfo$??0WorkQueue@details@Concurrency@@QAE@XZ
00493EF0,ANALYSIS_LABEL,__TI3?AVscheduler_worker_creation_error@Concurrency@@
0049405C,ANALYSIS_LABEL,__TI2?AVbad_exception@std@@
004940D4,ANALYSIS_LABEL,__TI3?AV__non_rtti_object@std@@
0049412C,ANALYSIS_LABEL,__TI2?AVbad_typeid@std@@
0049487C,ANALYSIS_LABEL,__ehfuncinfo$?SearchCacheLocal@WorkSearchContext@details@Concurrency@@AAE_NPAVWorkItem@23@PAVScheduleGroupSegmentBase@23@_NK@Z
00494CF0,ANALYSIS_LABEL,__ehfuncinfo$??$make_shared@V__ExceptionPtr@@AAPAUEHExceptionRecord@@_N@std@@YA?AV?$shared_ptr@V__ExceptionPtr@@@0@AAPAUEHExceptionRecord@@$$QA_N@Z
004959B0,ANALYSIS_LABEL,__TI2?AVbad_cast@std@@
004985B0,ANALYSIS_LABEL,base_funcs
00498740,ANALYSIS_LABEL,iolib_funcs
004988D0,ANALYSIS_LABEL,bloblib_funcs
00498E24,ANALYSIS_LABEL,___security_cookie
00498E30,ANALYSIS_LABEL,___isa_enabled
00498E44,ANALYSIS_LABEL,Concurrency::details::_SpinCount::_S_spinCount
00498E54,ANALYSIS_LABEL,Concurrency::details::ResourceManager::s_threadProxyIdCount
00498E58,ANALYSIS_LABEL,Concurrency::details::SchedulerBase::s_oneShotInitializationState
00498E5C,ANALYSIS_LABEL,Concurrency::details::PolicyDefaults
00498F00,ANALYSIS_LABEL,__NLG_Destination
0049AD60,ANALYSIS_LABEL,stringlib_funcs
0049AE40,ANALYSIS_LABEL,_static_l_desc
0049AE54,ANALYSIS_LABEL,_static_d_desc
0049AE68,ANALYSIS_LABEL,_static_bl_desc
004D9570,ANALYSIS_LABEL,`std::_Immortalize<std::_Generic_error_category>'::`2'::_Static
004D9578,ANALYSIS_LABEL,`std::_Immortalize<std::_Generic_error_category>'::`2'::`local static guard'
004D9718,ANALYSIS_LABEL,std::locale::id::_Id_cnt
004D971C,ANALYSIS_LABEL,std::locale::_Locimp::_Clocptr
004D9720,ANALYSIS_LABEL,_global_locale
004D9724,ANALYSIS_LABEL,std::_Fac_head
004D9738,ANALYSIS_LABEL,std::ctype<char>::id
004D973C,ANALYSIS_LABEL,std::classic_locale
004D9750,ANALYSIS_LABEL,std::mtx
004D983C,ANALYSIS_LABEL,std::stdopens
004D98F8,ANALYSIS_LABEL,"`std::basic_filebuf<char,std::char_traits<char> >::_Init'::`2'::_Stinit"
004D9908,ANALYSIS_LABEL,___encodedKERNEL32Functions
004D99C8,ANALYSIS_LABEL,atfuns_cdecl
004D99F4,ANALYSIS_LABEL,"std::num_get<char,std::istreambuf_iterator<char,std::char_traits<char> > >::id"
004D9AB8,ANALYSIS_LABEL,std::messages<char>::id
004D9ABC,ANALYSIS_LABEL,"std::money_get<char,std::istreambuf_iterator<char,std::char_traits<char> > >::id"
004D9AC0,ANALYSIS_LABEL,"std::money_put<char,std::ostreambuf_iterator<char,std::char_traits<char> > >::id"
004D9AC4,ANALYSIS_LABEL,"std::moneypunct<char,0>::id"
004D9AC8,ANALYSIS_LABEL,"std::moneypunct<char,1>::id"
004D9ACC,ANALYSIS_LABEL,"std::time_get<char,std::istreambuf_iterator<char,std::char_traits<char> > >::id"
004D9AD0,ANALYSIS_LABEL,"std::time_put<char,std::ostreambuf_iterator<char,std::char_traits<char> > >::id"
004D9BA8,ANALYSIS_LABEL,_Tss_cv
004D9BAC,ANALYSIS_LABEL,_Tss_event
004D9BB0,ANALYSIS_LABEL,encoded_sleep_condition_variable_cs
004D9BB4,ANALYSIS_LABEL,encoded_wake_all_condition_variable
004D9BBC,ANALYSIS_LABEL,___scrt_native_startup_lock
004D9BC0,ANALYSIS_LABEL,module_local_atexit_table
004D9BCC,ANALYSIS_LABEL,module_local_at_quick_exit_table
004D9BD8,ANALYSIS_LABEL,is_initialized_as_dll
004D9EFC,ANALYSIS_LABEL,<TLSindex>
004D9F08,ANALYSIS_LABEL,___isa_available
004D9F0C,ANALYSIS_LABEL,___favor
004D9F10,ANALYSIS_LABEL,___scrt_debugger_hook_flag
004D9F50,ANALYSIS_LABEL,Concurrency::details::g_TimerQueueDemandInit
004D9F54,ANALYSIS_LABEL,Concurrency::details::g_hTimerQueue
004D9F58,ANALYSIS_LABEL,Concurrency::details::platform::s_waiterPool
004D9F60,ANALYSIS_LABEL,Concurrency::details::platform::s_pfnSetThreadGroupAffinity
004D9F64,ANALYSIS_LABEL,Concurrency::details::platform::s_pfnGetThreadGroupAffinity
004D9F80,ANALYSIS_LABEL,Concurrency::details::LoadLibraryCount
004D9F84,ANALYSIS_LABEL,Concurrency::details::HostModule
004D9F8C,ANALYSIS_LABEL,Concurrency::details::ResourceManager::s_pResourceManager
004D9F90,ANALYSIS_LABEL,Concurrency::details::ResourceManager::s_processAffinityMask
004D9F94,ANALYSIS_LABEL,Concurrency::details::ResourceManager::s_systemAffinityMask
004D9F98,ANALYSIS_LABEL,Concurrency::details::ResourceManager::s_pUserAffinityRestriction
004D9F9C,ANALYSIS_LABEL,Concurrency::details::ResourceManager::s_pProcessAffinityRestriction
004D9FA0,ANALYSIS_LABEL,Concurrency::details::ResourceManager::s_coreCount
004D9FA4,ANALYSIS_LABEL,Concurrency::details::ResourceManager::s_countProcessorPackages
004D9FA8,ANALYSIS_LABEL,Concurrency::details::ResourceManager::s_nodeCount
004D9FAC,ANALYSIS_LABEL,Concurrency::details::ResourceManager::s_numaNodeCount
004D9FB0,ANALYSIS_LABEL,Concurrency::details::ResourceManager::s_version
004D9FB4,ANALYSIS_LABEL,Concurrency::details::ResourceManager::s_logicalProcessorInformationLength
004D9FB8,ANALYSIS_LABEL,Concurrency::details::ResourceManager::s_pSysInfo
004D9FBC,ANALYSIS_LABEL,Concurrency::details::SchedulerBase::s_pDefaultScheduler
004D9FC0,ANALYSIS_LABEL,Concurrency::details::SchedulerBase::s_pDefaultSchedulerPolicy
004D9FC4,ANALYSIS_LABEL,Concurrency::details::SchedulerBase::t_dwContextIndex
004D9FCC,ANALYSIS_LABEL,Concurrency::details::SchedulerBase::s_initializedCount
004D9FD0,ANALYSIS_LABEL,Concurrency::details::SchedulerBase::s_numExternalAllocators
004D9FD8,ANALYSIS_LABEL,Concurrency::details::Security::s_initialized
004D9FDC,ANALYSIS_LABEL,Concurrency::details::SchedulerBase::s_schedulerLock
004D9FE0,ANALYSIS_LABEL,Concurrency::details::Security::s_cookie
004D9FE4,ANALYSIS_LABEL,Concurrency::details::SchedulerBase::s_defaultSchedulerLock
004D9FE8,ANALYSIS_LABEL,Concurrency::details::SchedulerBase::s_subAllocatorFreePool
004D9FF0,ANALYSIS_LABEL,Concurrency::details::Etw::s_lock
004D9FF4,ANALYSIS_LABEL,Concurrency::details::ResourceManager::s_lock
004DA008,ANALYSIS_LABEL,Concurrency::details::ThreadProxyFactory<Concurrency::details::FreeThreadProxy>::s_bucketSize
004DA010,ANALYSIS_LABEL,Concurrency::details::g_TraceInfo
004DA018,ANALYSIS_LABEL,Concurrency::details::g_ConcRTSessionHandle
004DA020,ANALYSIS_LABEL,Concurrency::details::g_pEtw
004DA028,ANALYSIS_LABEL,Concurrency::details::g_ConcRTPRoviderHandle
004DA030,ANALYSIS_LABEL,Concurrency::details::UMSThreadScheduler::t_dwSchedulingContextIndex
004DA034,ANALYSIS_LABEL,Concurrency::details::VirtualProcessorRoot::s_currentId
004DA080,ANALYSIS_LABEL,g_OutOfMemoryExceptionCallback
004DA094,ANALYSIS_LABEL,encoded_function_pointers
004DA0B8,ANALYSIS_LABEL,UnDecorator::pArgList
004DA0BC,ANALYSIS_LABEL,UnDecorator::pZNameList
004DA0C0,ANALYSIS_LABEL,UnDecorator::pTemplateArgList
004DA0C4,ANALYSIS_LABEL,UnDecorator::gName
004DA0C8,ANALYSIS_LABEL,UnDecorator::name
004DA0CC,ANALYSIS_LABEL,UnDecorator::outputString
004DA0D0,ANALYSIS_LABEL,UnDecorator::maxStringLength
004DA0D4,ANALYSIS_LABEL,UnDecorator::disableFlags
004DA0D8,ANALYSIS_LABEL,UnDecorator::fExplicitTemplateParams
004DA0D9,ANALYSIS_LABEL,UnDecorator::fGetTemplateArgumentList
004DA0DC,ANALYSIS_LABEL,UnDecorator::m_pGetParameter
004DA0E0,ANALYSIS_LABEL,heap
004DA0F4,ANALYSIS_LABEL,`DNameStatusNode::make'::`2'::nodes
004DA124,ANALYSIS_LABEL,`DNameStatusNode::make'::`2'::`local static guard'
004DA16C,ANALYSIS_LABEL,___vcrt_locks_initialized
004DA730,ANALYSIS_LABEL,___fastflag
004DABF8,ANALYSIS_LABEL,__ExceptionPtr::m_badAllocExceptionPtr
004DC948,ANALYSIS_LABEL,"std::num_put<char,std::ostreambuf_iterator<char,std::char_traits<char> > >::id"
004DC950,ANALYSIS_LABEL,std::collate<char>::id
004DC958,ANALYSIS_LABEL,"std::codecvt<char,char,_Mbstatet>::id"
004DCCA4,ANALYSIS_LABEL,std::numpunct<char>::id
004E33A0,ANALYSIS_LABEL,__e04PI
004E3530,ANALYSIS_LABEL,_2il0floatpacket_2
004E3540,ANALYSIS_LABEL,_2il0floatpacket_9
004E3550,ANALYSIS_LABEL,_2il0floatpacket_12
004E3560,ANALYSIS_LABEL,__dPI02
004E3570,ANALYSIS_LABEL,__d02PI
004E3580,ANALYSIS_LABEL,__DP4
004E35A0,ANALYSIS_LABEL,__dPI04
004E35B0,ANALYSIS_LABEL,__d04PI
004E35C0,ANALYSIS_LABEL,__QP4
